ITEM_ID,SITE_NAME,POSA_CONTINENT,USER_LOCATION_COUNTRY,USER_LOCATION_REGION
0,2|8|11|13|17|19|22|24|25|26|28|29|30|34|37,0|1|2|3|4,0|3|5|23|29|30|46|52|57|58|66|68|69|70|71|76|77|80|82|93|117|133|154|158|166|170|179|182|190|195|205|215|218|229|231,0|3|11|21|25|26|38|44|47|48|49|50|51|57|58|63|64|65|66|68|69|71|78|91|135|143|149|153|155|171|174|184|189|194|196|214|220|222|226|246|256|258|260|293|294|311|312|314|317|318|321|322|324|325|331|333|335|336|337|340|344|346|348|351|354|356|363|373|385|392|403|407|410|416|435|442|447|448|462|474|535|553|567|597|599|608|646|695|715|718|761|768|771|772|824|862|871|885|1010|1011
1,2|8|9|10|11|13|17|18|19|23|24|25|26|28|29|30|32|34|37,0|1|2|3|4,0|1|3|5|19|23|28|30|32|39|46|48|50|52|58|62|66|68|69|71|72|77|80|82|85|93|95|103|115|119|133|148|154|173|179|181|182|191|195|202|205|215|219|225|230|231|235,0|9|11|13|16|17|20|23|26|32|37|38|41|45|47|48|49|50|52|53|59|64|68|70|77|78|81|135|142|143|145|149|153|154|155|160|162|165|171|172|174|184|189|196|198|203|216|219|220|226|229|235|238|240|242|244|245|246|254|256|258|260|269|288|293|294|297|306|309|311|312|314|315|318|321|322|324|330|331|333|335|336|337|339|340|343|346|347|348|351|352|354|356|360|363|366|376|385|392|393|395|401|403|404|410|411|416|419|424|435|436|442|447|448|462|467|480|536|547|548|553|554|558|559|560|566|573|597|608|646|664|668|674|678|682|695|699|715|749|751|756|761|772|780|784|807|817|819|824|826|844|862|869|871|876|879|923|957|977|996|1017
2,2|7|8|9|11|13|14|15|17|18|22|23|24|25|26|27|28|30|31|33|34|35|36|37|40|53,0|1|2|3|4,0|1|3|5|12|15|16|23|24|29|32|35|39|44|46|48|50|51|52|54|55|57|62|63|65|66|68|69|70|71|74|75|77|80|82|83|85|89|91|93|99|103|115|119|122|130|133|141|146|148|149|150|152|154|162|163|167|179|182|188|189|190|191|194|195|197|198|202|205|214|215|218|231|235,0|3|4|9|12|13|16|17|18|20|23|24|26|27|28|29|31|32|38|39|40|41|42|43|45|47|48|49|50|51|53|57|58|59|60|63|64|65|67|68|71|74|75|77|78|80|81|82|84|89|98|118|120|133|135|142|143|144|145|146|149|153|154|155|157|158|159|160|163|165|167|171|172|174|177|184|189|193|194|196|203|208|216|219|220|226|229|235|236|244|245|246|254|256|258|260|266|269|282|287|288|290|294|298|300|302|311|312|314|315|317|318|321|322|324|325|327|328|330|331|332|335|336|337|342|343|346|347|348|351|352|354|356|360|363|376|379|385|388|390|395|396|398|401|403|408|411|414|416|419|424|430|431|435|436|442|447|448|451|452|457|458|459|462|467|471|474|479|480|519|520|535|548|553|555|560|566|567|571|577|578|582|583|584|590|596|597|609|619|621|623|626|627|630|639|642|646|648|650|654|657|663|664|665|674|675|676|678|682|685|686|689|690|692|695|712|715|724|727|739|747|749|750|753|756|758|759|761|766|768|772|780|784|788|793|794|813|817|823|824|826|843|844|857|860|862|871|878|879|885|896|900|904|908|910|912|917|919|921|923|928|930|931|939|940|941|950|953|957|959|963|965|972|974|977|980|986|987|990|991|992|998|1010|1011|1016
3,2|8|10|11|13|15|17|18|22|23|24|25|26|28|29|30|32|33|34|35|37|46,0|1|2|3|4,0|1|3|6|12|19|23|24|28|29|44|46|47|48|50|52|55|62|66|68|69|70|77|80|103|115|119|123|130|133|154|162|167|168|179|181|182|191|194|195|205|209|215|229|231,0|11|13|20|22|23|25|32|38|39|41|44|45|47|48|49|50|51|53|58|59|61|63|64|67|68|69|70|72|79|81|100|120|135|145|153|154|155|157|171|172|174|184|194|196|198|203|220|221|226|229|238|244|246|254|258|260|287|293|294|296|311|314|317|318|321|322|324|327|329|330|331|335|336|337|340|343|347|348|351|352|354|363|367|375|385|395|398|403|404|407|410|416|419|424|427|435|442|447|448|452|462|467|480|492|548|552|553|573|582|585|603|646|655|657|661|664|675|727|747|749|750|759|761|772|783|784|790|811|812|813|817|824|829|871|923|928|942|957|977|991|1003|1011|1017
4,2|8|10|11|13|17|21|23|24|25|26|27|28|29|30|32|34|37,0|1|2|3|4,0|1|3|4|6|19|20|23|29|39|46|48|52|57|58|62|63|66|68|69|71|77|78|103|114|115|119|123|129|130|133|141|144|154|156|166|167|178|181|182|195|202|205|206|214|215|231|239,0|12|14|21|23|38|41|45|47|48|49|50|51|52|60|63|64|65|69|70|71|73|78|81|98|120|135|142|143|149|153|155|157|162|165|172|173|174|184|189|194|196|198|220|222|226|238|239|244|245|246|254|256|258|260|269|271|288|293|294|311|312|314|315|316|318|321|322|324|325|330|331|332|335|336|337|346|347|348|351|352|354|356|359|363|378|385|390|392|393|395|403|404|408|411|414|416|424|432|435|442|447|448|453|459|462|463|467|471|492|548|553|566|567|646|674|677|683|715|739|750|759|761|772|783|824|829|871|872|879|885|919|957|977|991|994|998|1005|1010|1017
5,2|8|9|10|11|13|14|15|16|17|18|19|22|23|24|25|26|27|28|29|30|31|32|33|34|35|37,0|1|2|3|4,0|1|3|5|6|12|19|23|26|27|29|30|32|39|46|48|50|52|55|60|62|63|66|68|69|70|75|76|77|80|85|91|93|103|105|114|115|118|119|122|129|130|133|141|144|148|149|154|158|162|163|167|179|180|181|182|188|190|191|194|195|198|202|205|208|209|214|215|218|222|228|229|230|231|235,0|9|10|11|12|13|14|18|20|21|23|25|26|27|31|38|39|40|41|42|45|46|47|48|49|50|51|54|55|57|59|60|61|62|63|64|65|69|70|71|74|77|78|80|81|84|88|115|120|133|135|142|143|144|149|153|154|155|157|158|162|171|172|173|174|184|189|193|194|196|198|203|205|208|214|219|220|221|226|229|235|236|238|240|241|244|245|246|249|254|256|258|260|269|275|281|287|288|290|293|294|301|309|311|312|314|315|316|317|318|321|322|324|328|329|330|331|333|335|336|337|340|343|344|346|347|348|351|352|354|356|360|363|376|378|385|388|392|393|395|398|401|403|408|410|411|414|416|417|418|424|435|436|442|447|448|451|453|454|457|462|467|471|474|478|480|492|520|535|546|548|555|556|566|567|573|575|578|583|584|597|609|612|623|626|627|639|646|648|650|653|655|657|661|664|665|672|674|675|678|682|689|693|695|699|705|712|715|718|727|735|739|747|749|750|751|753|759|761|768|772|784|786|788|790|811|813|817|822|824|828|832|843|845|871|872|878|879|881|885|891|900|904|908|910|912|913|916|917|923|928|930|931|940|941|951|957|965|972|977|980|986|987|988|989|990|991|993|994|995|996|998|1003|1011|1016
6,2|8|9|11|13|14|15|17|18|20|21|22|23|24|25|26|27|28|30|31|32|33|34|37|40|46|48|53,0|1|2|3|4,0|1|3|12|19|23|24|28|32|34|46|48|50|51|52|55|57|59|62|63|66|68|69|70|71|77|80|93|103|104|115|119|123|133|142|148|149|154|162|163|167|179|181|182|188|191|194|195|198|202|205|206|214|215|218|223|231|239,0|12|13|14|17|20|21|25|26|28|31|38|39|40|41|44|45|46|47|48|49|50|51|53|59|60|61|62|64|65|67|68|71|90|121|135|138|142|143|149|150|153|154|155|157|159|162|169|171|172|174|184|189|196|198|203|208|217|219|220|226|229|232|236|238|244|246|254|256|258|260|269|271|275|287|288|290|293|294|311|312|314|315|317|318|321|322|324|325|328|329|330|331|332|333|335|337|339|340|342|343|345|346|347|348|351|352|354|356|359|363|385|395|398|401|403|404|410|411|412|414|416|420|424|430|435|442|443|447|448|457|459|462|467|471|474|476|480|520|536|548|553|558|560|566|573|574|582|585|596|597|609|610|646|648|653|654|656|659|664|668|681|682|689|695|696|705|715|727|749|750|761|772|790|813|817|824|828|832|834|837|844|857|863|869|871|878|885|887|909|916|919|923|926|977|991|992|993|995|1002|1008|1011
7,2|8|9|11|13|17|18|21|22|23|24|25|26|27|28|29|31|32|33|34|35|36|37|40|48,0|1|2|3|4,0|1|3|11|12|23|24|29|32|39|45|46|48|50|55|59|62|63|66|68|69|70|71|77|80|115|119|133|141|154|162|163|167|179|180|181|182|194|195|198|202|205|214|215|217|222|231|235,0|13|14|20|31|36|38|39|43|47|48|50|60|64|65|67|68|78|84|88|97|119|135|143|149|153|154|155|158|159|160|171|172|174|178|184|189|194|196|198|208|219|220|226|229|238|244|245|246|254|256|258|260|288|293|294|298|301|311|312|314|315|318|321|322|324|325|330|331|332|333|335|337|340|346|347|348|351|352|354|356|363|364|367|385|392|395|398|403|404|410|411|414|418|424|435|442|447|448|459|462|467|471|474|480|520|535|567|573|577|583|597|609|622|623|646|648|664|674|676|678|695|715|727|736|756|761|772|780|800|813|817|819|824|826|834|844|866|872|878|913|923|930|944|957|965|966|972|977|986|987|989|991|1003|1010|1016
8,2|6|7|8|9|10|11|13|14|15|17|18|21|22|23|24|25|26|27|28|30|32|33|34|37|38,0|1|2|3|4,0|1|3|5|6|12|22|23|24|28|29|32|43|46|47|48|52|53|55|58|59|60|62|63|66|68|69|71|75|77|80|82|85|87|93|103|129|130|133|141|143|146|149|154|162|163|166|167|179|182|190|191|194|195|198|205|211|214|215|219|229|230|231|235,0|3|11|12|13|14|16|18|20|22|23|24|25|26|27|29|31|32|38|39|40|41|43|45|48|49|50|51|56|57|59|60|62|64|65|67|71|72|74|77|78|119|120|133|135|138|142|144|149|153|154|155|157|160|165|167|171|172|174|177|184|189|194|196|198|205|208|215|219|220|226|229|232|234|235|236|241|244|245|246|254|256|258|260|287|288|290|296|298|301|308|311|312|314|315|317|318|321|322|324|325|329|330|331|332|333|335|336|337|340|343|346|347|348|351|354|356|363|364|366|370|376|379|380|385|392|393|395|398|401|403|407|410|412|416|424|425|427|435|436|442|447|448|452|453|458|460|462|464|467|480|492|531|540|548|551|574|585|591|596|627|646|648|654|655|664|665|675|683|693|695|696|712|727|739|751|753|758|759|761|772|780|790|824|844|869|871|876|878|887|910|923|941|944|971|972|977|999|1002|1007
9,2|7|8|9|10|11|13|14|15|17|18|19|20|21|22|23|24|25|26|27|28|29|30|31|32|33|34|35|36|37|38|46,0|1|2|3|4,0|1|3|4|5|6|12|22|23|24|29|30|32|46|47|48|50|52|54|55|57|59|61|62|63|66|68|69|70|71|77|80|82|83|93|103|104|115|119|122|123|125|130|133|134|141|148|149|154|157|158|162|163|167|178|179|181|182|183|188|190|194|195|198|202|205|214|215|229|230|231|234|235,0|9|11|13|14|17|20|21|22|23|25|26|27|29|32|38|39|40|41|42|44|45|47|48|49|50|51|55|58|60|63|64|65|67|68|71|77|78|81|84|87|117|118|119|120|133|135|142|143|153|154|155|157|158|163|165|167|171|172|174|184|189|194|196|198|202|206|208|219|220|226|238|242|244|246|249|254|256|258|260|269|275|288|290|293|294|309|311|312|314|315|316|317|318|321|322|323|324|325|328|330|331|333|335|337|339|340|341|342|343|344|346|347|348|351|352|354|356|360|363|364|366|368|373|382|385|392|393|395|401|402|403|404|407|410|411|415|416|419|424|435|436|442|447|448|452|459|462|463|467|471|474|480|492|519|520|534|548|551|554|566|573|578|580|581|583|585|586|596|597|603|621|627|639|642|646|648|655|656|664|665|666|668|674|682|689|690|692|693|695|696|715|718|727|748|749|759|761|772|778|780|790|794|798|811|812|822|823|824|826|828|843|844|862|869|871|878|879|881|890|918|923|933|939|944|952|957|965|970|977|986|991|997|1001|1002|1003|1005|1011|1016
10,2|7|8|10|11|13|15|17|18|19|22|23|24|25|26|27|28|30|32|34|35|37|40|48,0|1|2|3|4,0|1|3|5|12|23|27|28|31|32|46|47|48|50|55|60|62|63|66|68|69|70|71|75|77|80|82|85|93|103|104|117|119|130|133|134|141|149|154|163|167|168|179|181|182|188|191|195|198|202|205|214|215|217|225|229|231,0|6|12|14|18|20|22|23|25|38|39|44|45|47|48|49|50|51|52|58|59|60|62|63|64|65|71|72|73|77|78|79|80|81|104|120|135|143|144|149|153|154|155|157|164|165|166|167|171|172|174|184|189|196|198|208|218|219|220|226|229|235|238|244|246|249|254|256|258|260|269|290|293|294|301|311|312|314|316|317|318|321|322|323|324|325|327|330|331|332|333|335|336|337|339|340|343|344|346|347|348|351|352|354|356|363|373|376|385|392|395|398|401|403|404|408|410|411|414|416|418|419|424|427|435|436|441|442|447|448|457|459|462|464|467|474|480|520|548|551|553|558|583|596|597|603|622|625|641|646|655|674|675|676|689|695|715|727|733|750|751|759|761|772|784|788|790|798|812|817|824|844|862|871|879|880|900|910|911|917|919|923|947|974|977|986|990|991|999|1007|1011
11,2|8|9|10|11|13|14|15|17|18|20|22|23|24|25|26|28|29|30|32|33|34|36|37|46,0|1|2|3|4,0|1|3|5|6|12|19|23|24|26|28|29|32|43|46|48|50|52|54|55|58|62|63|66|68|69|70|71|77|80|91|93|100|103|115|119|125|133|143|148|149|150|154|162|166|167|168|181|182|188|190|194|195|198|202|205|206|209|214|215|218|228|231|235|237|239,0|3|6|9|10|12|13|15|16|17|20|23|25|27|31|32|38|39|40|41|43|45|46|47|48|49|50|51|53|54|58|60|63|64|65|68|71|72|78|80|81|88|118|119|120|121|135|142|143|145|153|154|155|157|158|165|169|171|172|174|184|187|189|193|194|196|203|208|220|223|226|229|238|241|244|245|246|254|256|258|260|265|269|275|290|293|294|301|311|312|314|318|321|322|328|330|331|333|335|336|337|343|346|347|348|351|352|354|356|359|360|363|364|366|382|385|392|393|395|401|403|408|412|414|416|421|424|425|435|436|442|447|448|451|462|467|471|480|492|518|519|523|535|548|552|553|560|567|571|574|575|577|583|585|596|597|619|622|623|627|640|646|654|655|657|664|667|674|675|682|685|686|689|691|695|696|697|715|727|732|747|749|750|758|761|772|784|790|793|813|816|817|819|824|828|829|834|843|844|863|871|872|876|881|891|904|908|909|918|923|926|927|928|930|947|953|957|959|972|977|986|994|1002|1003|1005|1007|1010|1011
12,2|8|10|11|13|14|15|17|18|20|21|22|23|24|25|26|27|28|29|30|33|34|35|37|38|45|46|48|53,0|1|2|3|4,0|1|3|5|12|19|22|23|24|28|29|32|46|47|50|52|55|63|66|68|69|70|77|80|85|103|115|119|123|126|130|133|148|149|158|167|176|179|181|182|191|194|195|202|205|214|215|229|231|235,0|3|11|12|13|22|23|24|30|31|38|40|41|42|45|47|48|49|50|51|54|57|59|60|61|62|63|64|65|66|67|68|77|80|81|83|84|87|98|119|121|135|143|153|154|155|157|171|172|174|184|194|198|219|220|226|235|238|244|246|249|252|258|265|268|269|290|301|311|312|314|317|318|321|324|328|330|331|336|337|346|347|348|351|354|356|385|395|401|403|407|408|410|416|419|430|435|441|442|459|462|470|475|480|548|586|622|644|646|674|675|682|689|715|718|732|739|756|759|761|772|780|790|811|817|824|832|843|871|912|923|947|957|972|977|995
13,2|8|9|10|11|13|14|15|17|18|19|22|23|24|25|26|28|29|30|32|33|34|35|36|37|40,0|1|2|3|4,0|1|3|4|5|6|12|23|29|32|46|50|52|54|55|62|63|66|68|69|70|71|72|77|80|82|83|85|99|103|104|115|119|133|141|149|154|156|158|162|166|178|179|181|182|188|194|195|198|205|208|214|215|226|229|230|231|235|239,0|9|11|12|14|17|20|23|24|38|39|40|45|47|48|50|51|52|58|60|61|63|64|65|70|71|84|118|120|135|142|143|149|153|155|162|171|172|173|174|184|189|194|196|198|208|220|226|229|232|235|238|240|244|246|254|256|258|260|288|290|293|294|300|311|312|314|315|316|317|318|321|322|324|325|330|331|332|333|335|336|337|339|340|343|344|346|347|348|351|352|354|356|359|363|366|385|392|395|400|401|403|404|405|407|410|411|414|416|435|436|442|447|448|454|459|462|467|471|474|476|480|492|518|520|553|567|573|574|575|583|597|608|612|639|646|653|654|655|656|657|661|676|686|690|693|695|718|727|729|732|761|766|772|778|784|790|813|817|824|844|871|879|880|885|908|912|921|923|952|957|970|977|984|990|991|993|1005|1011|1017
14,2|8|10|11|13|15|17|18|21|22|23|24|25|26|28|29|30|32|33|34|37,0|1|2|3|4,0|1|3|11|23|46|48|52|55|62|63|64|66|68|69|71|77|80|119|133|141|155|179|182|194|195|198|205|215|231,0|12|14|15|20|25|31|32|38|39|40|41|48|49|50|51|55|56|58|60|61|63|64|65|68|78|81|93|135|143|149|153|154|155|157|160|167|171|172|174|178|184|189|196|219|220|226|229|241|246|254|256|258|260|288|293|294|311|314|318|321|322|324|325|329|330|331|332|335|337|340|343|346|347|348|351|352|354|356|360|363|379|380|385|388|392|395|403|409|410|411|414|416|435|436|439|442|447|448|451|462|467|471|480|548|582|584|646|650|692|739|748|761|772|798|817|824|844|861|869|879|977|991
15,2|7|8|11|13|14|15|17|18|22|23|24|25|26|27|28|30|32|33|34|35|36|37|40|48,0|1|2|3|4,0|1|3|4|5|6|12|23|24|27|44|46|48|50|52|55|57|62|63|64|66|68|69|70|71|77|80|83|91|101|103|115|119|123|130|133|141|149|150|152|154|156|162|163|167|168|178|179|182|189|191|194|195|197|198|205|208|209|215|218|219|221|228|231,0|4|9|10|12|13|15|17|20|22|23|25|26|28|31|32|36|38|39|40|41|43|45|47|48|49|50|51|52|54|60|61|63|64|65|66|67|70|77|78|79|80|82|83|87|100|120|124|134|135|138|142|143|149|152|153|155|157|165|167|171|172|173|174|177|178|184|187|189|196|199|203|208|219|220|226|229|242|244|246|254|256|258|260|288|290|293|294|296|301|302|311|312|314|315|317|318|321|322|324|325|326|329|330|331|332|333|335|336|337|339|340|342|346|347|348|351|352|354|356|363|364|367|376|378|385|395|401|403|404|408|410|411|416|418|424|434|435|436|442|447|448|451|453|454|462|463|467|471|474|480|492|518|521|523|536|545|548|551|566|571|575|580|582|585|596|603|604|612|622|623|626|639|646|655|656|664|672|674|682|691|695|700|705|715|727|732|735|747|750|758|759|761|768|772|780|790|811|812|817|824|837|843|869|900|904|908|909|914|923|940|944|974|977|991|994|1002|1007|1008|1010|1011|1017
16,2|7|8|9|10|11|13|14|15|16|17|18|22|23|24|25|26|27|28|29|30|32|33|34|35|37|40,0|1|2|3|4,0|1|3|5|12|19|23|28|30|32|46|48|50|52|54|55|57|59|60|62|63|66|68|69|70|71|75|77|80|82|93|103|104|109|114|115|117|119|123|129|130|133|134|141|148|154|158|163|167|169|178|179|182|191|194|195|198|202|205|209|214|215|217|218|225|231,0|9|10|11|12|13|14|19|20|23|24|26|27|31|32|38|39|40|44|45|47|48|49|50|51|52|58|60|63|64|65|67|68|74|75|76|77|78|81|83|84|85|119|120|121|135|142|143|144|148|149|153|154|155|157|158|171|172|174|184|187|189|196|198|203|208|220|222|223|226|241|244|245|246|254|256|258|260|265|275|288|293|294|311|312|314|315|316|318|321|322|324|325|329|330|331|332|333|335|336|337|339|340|342|343|346|347|348|351|352|354|356|363|364|367|373|376|385|388|392|395|396|398|401|403|404|408|409|410|411|412|414|416|435|436|441|442|447|448|452|457|459|462|463|467|471|474|480|519|548|553|554|560|567|574|583|585|596|597|602|604|609|611|613|619|621|642|645|646|648|654|664|674|675|676|678|681|682|686|692|695|715|718|727|732|735|747|750|756|759|761|772|780|784|790|798|812|817|824|828|844|857|862|878|881|900|901|912|919|923|928|931|944|957|977|1004|1005|1017|1021
17,2|7|8|10|11|13|15|17|18|19|21|23|24|25|26|27|28|29|30|31|32|33|34|35|37|38,0|1|2|3|4,0|1|3|5|23|30|39|46|50|52|55|57|62|63|66|68|69|70|71|77|80|82|85|92|93|109|115|119|123|133|134|141|162|163|167|181|182|191|194|195|198|202|205|215|218|225|229|230|231|235|239,0|9|12|13|14|17|20|26|32|33|36|38|40|43|45|46|47|48|49|50|51|53|55|56|58|59|60|64|65|68|72|80|81|135|142|143|149|153|154|155|160|167|171|172|174|184|189|196|199|208|220|226|235|236|238|244|246|249|252|254|258|260|288|294|311|312|314|315|318|320|321|322|331|335|336|337|340|342|343|346|347|348|351|352|354|356|359|360|363|365|367|376|385|392|393|395|400|401|403|404|411|416|435|436|442|447|448|451|457|459|462|467|474|480|519|520|536|548|567|571|574|596|641|642|646|664|666|674|685|695|699|712|715|727|732|761|772|824|862|871|885|918|977|991
18,2|6|8|9|10|11|13|14|17|18|19|22|23|24|25|28|29|30|32|33|34|35|36|37|40,0|1|2|3|4,0|1|3|10|12|19|23|30|32|39|46|48|50|52|57|63|66|68|69|70|71|72|77|80|82|85|93|101|104|105|115|119|123|133|134|135|141|148|152|154|156|162|166|179|181|182|188|194|195|197|198|202|205|206|214|215|217|218|225|229|230|231|238,0|11|13|20|22|26|32|38|39|44|45|46|47|48|50|51|56|60|63|64|68|69|70|77|78|81|84|120|134|135|142|143|147|148|149|153|155|157|158|171|172|173|174|184|189|196|198|203|208|220|226|235|238|244|245|246|249|254|256|258|260|283|288|293|294|311|312|314|315|316|318|321|322|324|325|328|330|331|332|333|335|336|337|339|340|342|343|346|347|348|351|352|354|356|360|363|367|385|392|395|396|398|400|401|403|404|408|410|411|413|416|424|435|442|447|448|459|462|467|471|474|475|476|519|520|535|545|548|553|555|561|573|577|581|582|583|596|602|623|639|646|649|654|674|682|695|697|715|727|749|761|772|780|790|798|809|812|813|817|823|824|834|844|862|871|879|885|904|909|917|923|944|947|957|966|977|986|990|991|993|1005|1007|1011
19,2|8|9|10|11|13|14|17|19|23|24|25|26|28|30|32|34|35|37,0|1|2|3|4,1|3|12|19|23|28|29|30|32|39|43|46|47|48|55|57|62|66|68|69|70|71|75|77|80|93|99|103|115|117|119|123|130|133|149|152|154|168|179|182|188|194|195|198|202|205|209|214|215|217|218|230|231,0|13|20|21|22|23|26|38|42|45|47|48|49|50|51|64|65|68|69|71|72|74|78|79|81|90|120|135|142|143|144|149|153|154|155|157|160|172|174|184|189|194|196|198|208|220|221|222|226|242|246|254|256|258|260|265|288|290|293|294|311|312|314|315|318|321|322|324|325|330|331|335|337|339|340|342|346|348|351|352|354|356|363|373|385|392|393|403|404|410|411|416|424|425|435|442|447|448|453|459|462|467|474|480|545|548|553|566|573|583|597|603|646|664|674|676|682|683|695|705|715|727|759|761|766|780|784|824|852|885|923|945|957|974|977|1011
20,2|7|8|10|11|13|15|17|18|22|23|24|25|26|27|28|29|30|32|34|35|36|37,0|1|2|3|4,0|1|3|5|12|19|23|24|28|44|46|48|50|52|55|57|58|59|62|63|64|66|68|69|70|71|75|77|80|82|85|91|93|104|115|119|125|133|149|154|155|157|162|163|167|168|173|176|179|180|182|188|194|195|196|198|205|215|217|221|230|231|233|235,0|3|10|11|12|13|15|18|20|21|22|23|25|30|33|38|39|40|41|42|44|45|47|48|49|50|51|52|60|64|65|66|68|71|78|88|100|134|135|143|144|147|153|154|155|157|158|162|165|172|174|184|187|189|196|198|203|208|219|220|226|235|241|244|245|256|258|260|271|290|293|294|311|314|315|317|318|321|322|325|331|332|333|335|337|342|347|348|351|354|356|363|366|376|385|393|395|396|398|401|403|404|411|414|416|424|427|435|442|444|447|448|451|452|462|463|467|480|529|548|555|558|566|573|575|596|619|623|627|630|646|657|664|672|685|689|692|695|700|712|715|739|750|753|756|761|772|790|809|817|824|826|829|844|862|871|883|885|918|923|977|990|994|1010|1011
21,2|8|9|10|11|13|14|15|17|18|21|23|24|25|26|27|28|29|30|32|33|34|35|37|40,0|1|2|3|4,0|1|3|10|12|19|23|24|27|29|30|32|39|46|48|52|55|57|58|61|62|63|66|68|69|70|71|77|80|83|85|93|95|103|104|109|114|115|119|130|133|134|137|141|148|149|150|152|154|156|158|162|166|167|176|179|181|182|194|195|198|205|206|209|214|215|218|222|229|230|231|235,0|10|11|13|14|17|20|23|24|25|26|30|31|32|37|38|40|43|44|45|47|48|49|50|51|55|56|60|61|63|64|65|67|68|70|71|72|77|78|80|81|82|84|89|98|107|119|120|135|142|143|145|149|153|155|158|165|169|171|172|173|174|184|187|189|194|196|198|199|203|208|220|221|226|235|236|238|244|246|254|256|258|260|271|288|290|293|294|301|303|311|312|313|314|315|316|317|318|321|322|324|325|328|330|331|332|333|335|336|337|339|340|341|342|343|345|346|347|348|351|352|354|356|360|363|373|376|382|385|390|392|395|401|403|404|410|411|414|416|418|424|430|435|442|447|448|457|459|462|467|474|476|480|535|536|545|548|552|553|554|564|566|567|577|578|580|583|584|596|597|602|610|612|623|626|639|642|646|654|657|661|664|674|676|678|689|692|695|697|718|739|750|751|759|761|768|772|780|783|790|798|811|817|824|843|844|860|871|876|878|881|883|885|902|904|912|913|920|923|930|931|942|945|947|957|971|977|991|1003|1005|1010|1011|1017
22,2|7|8|9|10|11|13|15|17|22|23|24|25|26|28|30|31|32|34|36|37|53,0|1|2|3|4,0|1|3|5|12|23|24|28|32|39|46|47|48|52|55|59|62|63|66|68|69|70|72|75|77|80|82|85|93|95|99|103|115|118|119|130|133|134|148|154|162|173|181|182|195|198|205|215|226|228|229|230|235,0|3|9|12|13|15|20|22|23|25|32|37|38|39|41|43|45|47|48|49|50|51|55|56|59|60|63|64|65|67|71|85|135|142|143|144|149|153|154|155|157|158|160|162|164|165|167|171|172|173|174|177|184|189|196|208|220|226|229|235|238|244|245|254|258|293|294|309|311|314|315|317|318|321|322|323|325|328|329|330|331|335|336|337|340|343|344|346|347|348|351|352|354|356|363|364|367|375|376|385|390|392|393|395|396|403|405|409|411|416|419|435|436|442|447|448|451|459|462|467|480|535|546|547|548|551|553|554|566|578|583|584|585|596|597|609|615|619|626|627|646|657|664|681|695|727|748|753|759|761|766|772|780|790|812|817|819|824|826|827|833|844|855|861|871|872|878|881|885|901|904|907|920|923|928|932|941|947|950|957|977|991|993|1005|1010|1011|1021
23,2|7|8|11|13|15|17|22|23|24|25|26|28|29|32|34|36|37|40|48,0|1|2|3|4,0|1|3|5|19|23|34|39|46|48|50|52|55|57|62|66|68|69|70|71|77|83|93|105|115|133|176|179|182|205|215|231|235|239,0|6|12|13|18|23|25|38|42|43|45|47|48|50|60|63|64|68|71|79|83|87|135|143|149|153|155|171|172|174|184|189|196|203|220|226|229|244|254|256|258|260|275|288|294|311|312|314|315|317|318|321|322|330|331|332|333|335|337|342|346|348|351|352|354|356|359|363|385|388|395|398|403|404|410|411|416|419|435|442|447|448|462|467|471|474|567|596|646|664|674|696|715|739|761|772|817|883|885|957|976|977|1003
24,2|10|11|13|17|22|24|26|29|30|34|37,0|1|2|3|4,0|3|12|19|63|66|69|77|80|85|93|103|129|133|179|182|188|194|195|205|215|218|231|235,13|17|26|38|39|45|49|50|69|71|81|84|135|138|143|149|153|155|174|184|189|196|220|226|235|246|258|288|293|294|311|312|314|318|321|322|324|325|330|331|333|337|346|348|351|352|354|356|363|385|393|403|404|410|411|416|423|435|442|444|447|448|462|471|474|523|531|548|553|566|567|575|621|646|695|715|727|761|768|778|780|789|824|869|872|914|994
25,2|6|8|10|11|13|14|15|17|18|19|20|22|23|24|25|26|27|28|29|30|31|32|33|34|35|36|37|53,0|1|2|3|4,0|1|3|5|6|12|13|19|23|24|28|32|41|43|46|48|50|52|55|58|62|63|66|68|69|70|71|72|77|80|83|87|93|103|115|119|133|141|149|154|162|163|167|176|179|181|182|188|190|191|194|195|198|202|205|209|211|214|215|216|218|226|229|231|233|239,0|2|9|10|12|13|14|15|18|20|23|25|26|28|30|31|32|38|39|40|41|43|44|45|47|48|49|50|51|52|53|55|57|58|59|60|62|64|65|67|68|69|70|71|72|73|74|78|81|88|120|133|135|138|142|143|149|153|154|155|157|158|160|162|165|171|172|173|174|184|187|189|196|198|203|208|219|220|226|229|238|244|245|246|249|252|254|256|258|260|269|271|275|287|288|290|293|294|301|311|312|314|315|318|321|322|325|329|330|331|333|335|336|337|339|343|346|347|348|351|352|354|356|359|363|366|367|373|376|379|385|388|390|392|393|395|398|400|401|403|404|407|408|410|411|416|424|425|430|431|435|436|439|441|442|444|447|448|457|459|462|466|467|480|492|518|535|538|548|551|553|555|566|567|573|583|596|612|619|621|626|627|645|646|649|650|653|654|655|656|664|668|674|675|676|678|682|689|691|692|693|695|699|712|715|724|727|735|739|747|749|751|753|758|761|772|775|778|780|784|788|790|793|809|812|813|817|824|826|828|834|844|845|857|861|866|871|876|879|881|883|885|894|895|904|908|910|923|926|928|930|931|940|941|942|945|957|977|991|993|1005|1008|1010|1011|1016|1017
26,2|8|10|11|13|17|18|20|22|23|24|25|26|28|29|30|33|34|37,0|1|2|3|4,0|1|3|6|23|24|29|30|46|48|50|52|62|63|66|68|69|71|77|80|91|103|115|119|133|149|154|163|167|182|194|195|198|202|205|206|215|218|230|231,0|11|12|17|20|38|39|45|46|47|48|49|50|51|53|60|63|67|74|135|143|149|153|154|155|169|172|174|184|189|194|196|203|208|220|223|226|245|246|254|256|258|260|268|290|293|294|311|314|315|318|321|322|325|331|335|337|346|348|351|352|354|356|363|385|392|395|403|411|416|424|435|442|447|448|459|462|467|474|480|492|548|574|604|627|642|646|657|682|683|692|695|715|727|750|761|780|817|824|826|871|904|923|930|952|977|991|995
27,2|8|9|11|13|17|18|22|23|24|27|28|33|37,1|2|3|4,0|1|3|12|29|46|63|66|68|69|77|80|93|119|133|134|167|180|194|198|205|206,0|20|32|38|39|48|49|50|51|55|65|71|142|147|153|167|172|174|189|194|220|236|244|246|258|278|288|317|318|321|322|331|337|347|348|351|354|356|363|435|442|462|573|602|619|668|761|790|824|828|881|900|977
28,2|8|9|10|11|13|15|17|18|21|22|23|24|25|26|28|29|30|32|33|34|35|37|38|40,0|1|2|3|4,0|1|3|4|10|12|19|23|24|27|29|32|39|44|45|46|48|50|52|55|57|62|63|66|68|69|70|71|77|83|85|93|103|104|105|115|117|119|121|125|130|131|133|141|148|149|154|162|166|178|179|181|182|186|194|195|198|205|214|215|218|226|229|230|231|234,0|11|12|13|14|16|17|20|23|25|29|37|38|39|40|45|47|48|49|50|51|60|61|63|64|67|69|70|77|78|79|81|84|120|135|142|143|149|153|155|157|158|166|171|172|173|174|183|184|189|194|196|198|202|208|219|220|226|229|232|238|242|244|245|246|254|256|258|260|281|282|288|290|293|294|304|305|311|312|314|315|318|321|322|324|325|328|330|331|332|333|335|336|337|339|340|342|343|344|346|347|348|351|352|354|356|360|363|366|367|368|373|385|392|395|398|401|403|404|405|407|408|410|411|416|418|430|435|442|447|448|451|457|459|460|462|467|471|474|480|521|535|536|548|553|554|559|566|567|571|574|580|581|584|596|603|609|645|646|648|655|657|664|665|674|678|682|693|695|715|727|732|733|735|747|748|759|761|772|784|790|803|809|824|826|836|844|871|876|879|900|904|914|919|927|928|930|931|940|941|942|952|971|977|991|994|998|1001|1003|1005|1011
29,2|8|9|10|11|13|14|15|17|18|22|23|24|25|26|27|28|29|30|32|33|34|35|36|37|40|46|53,0|1|2|3|4,0|1|3|5|12|15|19|22|23|24|26|29|30|32|34|41|45|46|47|48|50|52|54|55|58|59|60|62|63|65|66|68|69|70|72|75|77|80|85|91|93|95|103|115|119|130|133|148|149|154|158|162|163|167|173|179|181|182|191|194|195|198|200|202|205|206|214|215|222|226|228|229|230|231|235,0|9|10|11|12|13|16|18|20|21|22|23|24|25|28|29|32|36|37|38|39|40|41|42|44|45|46|47|48|49|50|51|57|58|60|62|63|64|65|67|68|69|71|72|74|75|77|78|81|88|120|135|144|149|153|154|155|157|160|162|165|166|169|171|172|174|184|187|189|190|194|196|208|217|219|220|226|229|235|238|242|244|245|246|254|258|260|271|275|287|288|290|293|294|309|311|314|317|318|321|322|326|328|329|330|331|332|333|335|336|337|340|341|344|346|347|348|351|352|354|356|360|363|373|376|382|385|393|395|398|401|402|403|404|407|410|414|416|419|424|427|429|430|435|436|441|442|447|448|452|453|457|459|462|463|464|467|470|480|519|523|535|547|548|551|555|556|558|560|565|566|567|571|573|574|580|581|583|584|585|596|597|609|618|626|627|639|646|653|654|655|657|664|665|668|669|674|675|676|679|682|683|686|693|695|715|718|724|727|735|749|751|756|758|759|761|772|784|790|793|811|812|813|818|824|826|827|828|831|834|843|844|866|871|872|876|882|900|910|914|917|920|921|923|930|931|939|949|957|959|970|971|977|984|991|993|999|1003|1010|1011|1016
30,2|6|7|8|10|11|13|14|15|17|18|19|20|22|23|24|25|26|27|28|29|30|32|33|34|35|36|37|40|46|53,0|1|2|3|4,0|1|3|5|8|10|12|19|23|27|28|29|30|34|44|45|46|48|50|52|54|55|58|62|63|66|68|69|70|71|77|80|85|91|93|103|115|119|131|133|141|148|149|152|153|154|162|163|167|176|179|180|181|182|188|190|191|192|194|195|198|200|202|205|206|208|209|214|215|217|218|222|228|230|231|235,0|5|9|10|11|12|13|14|15|17|18|20|21|22|23|24|25|27|30|32|37|38|39|40|44|45|47|48|50|51|52|53|57|58|59|60|63|64|65|66|68|69|71|72|74|75|77|78|80|84|121|133|135|138|142|143|151|153|154|155|157|158|162|165|166|167|169|171|172|174|184|187|189|194|196|206|208|220|226|235|236|238|244|245|246|256|258|259|260|268|269|271|275|282|284|290|293|294|301|309|311|312|314|315|316|317|318|321|322|328|329|330|331|335|336|337|341|343|344|347|348|351|352|354|356|360|363|366|367|368|373|375|376|379|385|392|393|395|398|400|401|403|404|408|410|411|412|414|415|416|418|421|424|425|430|435|436|439|442|447|448|452|453|454|459|462|463|464|467|480|519|523|524|536|548|553|554|558|560|565|581|582|584|586|596|597|627|640|646|648|650|654|657|659|663|665|668|674|678|682|689|692|695|697|699|700|715|727|739|747|749|750|753|756|761|772|780|790|793|812|817|824|843|844|852|869|871|881|882|883|887|900|904|908|909|910|912|923|928|930|931|939|941|944|952|974|977|991|993|995|1002|1010|1011
31,2|8|10|11|13|16|17|23|24|26|27|28|29|30|34|37|40,0|1|2|3|4,1|3|4|19|32|46|48|50|52|57|60|63|65|66|68|69|70|71|77|103|109|130|133|134|141|148|162|167|179|182|190|195|205|215|230,0|13|14|17|20|38|45|47|48|49|50|51|55|115|133|135|142|143|153|155|157|171|174|184|189|196|198|206|220|226|229|233|244|246|256|258|260|288|293|294|311|312|314|318|321|322|324|330|331|332|333|335|336|337|342|346|348|351|352|354|356|363|385|395|398|401|403|404|408|411|416|424|435|442|447|448|462|467|523|548|553|578|583|610|646|727|759|761|772|798|824|871|881|942|977
32,2|8|10|11|13|15|16|17|19|23|24|25|26|28|29|30|33|34|35|37|40,0|1|2|3|4,0|1|3|23|27|29|32|34|44|46|47|50|52|55|60|62|66|68|69|70|71|77|80|82|104|105|112|115|119|125|133|152|154|156|167|182|191|194|195|198|205|206|215|218|230|231,0|12|20|22|25|26|29|36|38|39|45|48|49|50|51|52|53|64|65|66|70|77|78|80|115|135|142|143|149|153|155|158|160|167|169|171|172|173|174|184|189|194|196|198|208|219|220|226|244|245|246|254|256|258|260|288|293|294|311|312|314|315|317|318|321|322|324|325|330|331|332|333|335|337|339|340|346|347|348|351|352|354|356|360|363|385|392|393|395|398|400|401|403|404|411|412|418|430|435|442|447|448|459|462|467|471|474|480|545|548|551|553|578|582|583|646|648|661|715|727|747|761|772|780|784|811|817|822|824|826|871|874|901|919|931|939|945|957|977|986|991|1005
33,2|8|9|10|11|13|14|15|18|19|23|24|25|26|27|28|29|30|31|32|34|35|37|40,0|1|2|3|4,0|1|3|10|12|19|23|30|32|39|46|50|52|55|59|62|63|64|66|68|69|70|71|74|77|80|82|93|103|109|115|119|123|130|133|154|162|163|167|169|180|182|194|195|198|205|206|214|215|218|227|231|235|239,0|11|12|13|19|20|24|26|32|35|38|41|43|44|45|46|47|48|49|50|51|52|58|59|60|63|64|65|68|70|81|98|120|135|142|143|149|153|155|169|171|172|174|184|188|189|196|199|203|208|220|226|229|246|254|256|258|260|262|288|293|294|301|304|311|312|314|315|318|321|322|324|329|330|331|332|333|335|336|337|339|343|344|346|347|348|351|352|354|356|359|363|370|385|392|398|403|404|411|416|435|436|442|447|448|462|467|471|474|480|520|548|553|581|585|596|597|609|623|642|646|654|655|657|663|668|674|682|686|693|695|705|739|741|748|750|751|756|759|761|772|779|780|784|790|809|824|826|832|844|862|871|872|909|923|932|944|947|957|965|971|977|985|991|1015
34,2|8|10|11|13|18|24|26|30|31|34|37|40|53,0|1|2|3|4,3|5|12|23|28|29|30|32|46|48|50|63|66|69|71|77|78|109|115|119|154|180|182|194|195|205|215|218|229|230|231,0|3|11|17|22|23|38|41|48|50|51|68|135|142|143|149|153|154|155|171|172|174|184|189|194|196|198|220|226|246|249|254|256|258|260|293|294|301|311|312|314|315|318|321|322|324|331|332|333|335|337|340|343|346|347|348|351|352|354|356|363|367|385|393|400|401|403|411|416|431|435|442|447|448|459|462|467|480|548|553|583|597|621|646|693|696|715|727|750|761|772|790|817|824|869|872|879|885|919|923|957|977
35,2|6|8|10|11|13|14|17|22|23|24|25|28|33|34|36|37,0|1|2|3|4,0|1|3|23|27|32|43|46|48|50|55|63|66|68|69|71|77|80|93|95|103|104|115|119|133|162|180|182|194|198|205|214|215|218|219|223|239,0|13|20|22|24|25|26|32|37|38|39|45|48|50|60|63|64|85|118|120|135|142|143|149|153|154|166|174|184|189|203|208|216|220|226|232|254|256|258|260|288|293|301|312|314|317|318|321|322|324|325|331|332|337|340|346|347|348|351|354|356|359|363|364|366|367|379|385|390|395|398|401|403|416|418|424|425|436|442|447|448|453|459|462|471|480|559|583|584|591|596|627|646|655|664|695|727|750|751|761|772|784|811|813|824|909|910|930|941|957|977|986|1002
36,2|6|7|8|9|10|11|13|14|15|17|18|21|22|23|24|25|26|27|28|29|30|32|33|34|35|36|37|44|45|46,0|1|2|3|4,0|1|3|5|12|19|22|23|26|27|28|29|30|32|39|44|45|46|48|52|54|55|56|57|58|59|60|62|63|64|66|68|69|70|71|72|74|77|79|80|84|85|91|93|103|115|119|123|124|125|130|131|133|134|141|151|154|156|158|162|163|167|179|181|182|190|191|194|195|198|202|205|208|214|215|218|225|229|230|231|235,0|5|8|9|11|12|13|14|16|17|20|22|23|25|26|28|29|30|32|34|36|38|39|40|41|43|44|45|46|47|48|49|50|51|52|53|54|55|57|58|59|60|61|62|63|64|65|66|67|68|69|71|72|74|75|80|81|82|84|85|106|119|120|121|133|135|138|143|147|152|153|154|155|157|158|162|164|165|167|171|172|173|174|184|188|189|190|194|196|199|203|208|219|220|226|227|229|231|235|238|240|242|244|245|249|254|256|258|260|262|265|269|275|280|293|309|311|312|314|315|316|317|318|321|322|325|327|330|331|332|333|335|336|337|340|342|344|346|347|348|351|352|354|356|360|363|366|367|370|374|376|385|388|393|395|398|400|401|403|404|407|408|410|411|415|416|417|418|424|430|435|436|441|442|447|448|452|453|454|461|462|464|467|474|475|478|480|507|520|531|535|548|556|560|566|571|575|582|583|584|585|596|597|610|618|621|622|626|627|646|649|655|656|661|664|674|675|677|678|679|681|682|688|690|695|699|700|715|718|748|749|756|759|761|772|778|780|783|784|789|790|812|813|817|822|824|826|828|834|835|844|865|869|871|872|878|885|900|904|910|923|928|930|931|941|944|945|947|957|965|966|970|971|977|986|987|993|1002|1003|1008|1010|1011|1016
37,2|8|10|11|13|14|15|17|18|20|22|23|24|25|26|27|28|29|30|32|33|34|35|36|37|38|46|48|53,0|1|2|3|4,0|1|3|5|12|19|22|23|28|29|44|46|48|50|52|55|57|62|63|66|68|69|70|71|77|80|82|91|93|95|103|112|115|119|121|123|131|133|134|141|148|149|154|162|167|179|181|182|188|191|194|195|198|202|205|206|208|214|215|218|229|230|231|235,0|3|9|10|11|12|13|16|17|18|20|22|23|25|26|32|37|38|39|40|41|43|44|45|46|47|48|49|50|51|52|54|55|57|60|62|63|64|65|66|68|69|71|78|80|81|89|120|135|142|143|149|153|154|155|157|165|166|169|171|172|174|181|184|189|194|196|198|208|219|220|226|229|238|244|245|246|249|254|256|258|260|269|288|290|294|301|309|311|312|314|315|316|317|318|321|322|325|328|330|331|333|335|336|337|339|340|342|343|344|346|347|348|351|352|354|356|360|363|367|376|385|393|395|398|401|403|404|407|411|416|424|435|436|442|447|448|451|453|454|459|462|467|472|479|480|518|519|548|560|567|573|584|597|610|615|625|626|627|646|650|655|657|664|665|668|671|682|683|689|692|693|695|712|715|724|725|727|729|747|749|750|758|761|772|790|796|813|824|862|869|871|874|885|890|900|901|912|917|918|923|928|930|941|957|965|966|977|991|993|994|997|1003|1005|1011
38,2|6|7|8|10|11|13|15|17|18|22|23|24|25|26|27|28|29|30|31|32|33|34|37,0|1|2|3|4,0|1|3|5|11|12|23|28|29|32|43|46|47|48|50|52|54|55|58|59|62|63|66|68|69|70|74|75|77|80|85|87|91|93|100|103|106|115|119|125|130|133|142|149|154|157|162|163|167|168|176|178|179|180|182|188|190|191|194|195|198|200|202|205|206|210|215|231|235|238,0|5|7|9|12|13|17|20|21|23|25|30|38|39|41|43|45|46|47|48|49|50|51|52|53|54|56|58|59|60|61|64|68|69|70|71|72|78|79|85|88|98|133|134|135|142|144|152|153|154|155|157|158|160|171|172|174|184|187|189|194|196|199|203|208|219|220|226|232|235|240|244|245|246|252|258|260|262|269|275|288|290|293|294|311|314|316|317|318|321|329|330|331|335|336|337|346|347|348|351|354|356|363|367|376|385|395|401|403|408|410|411|416|424|425|436|442|447|448|452|459|462|467|480|485|565|573|581|582|585|601|609|619|623|646|664|682|689|695|724|739|750|759|761|768|772|778|784|790|793|816|817|822|824|844|861|869|871|881|883|900|904|910|921|923|928|950|966|977|992|1002|1003|1010|1011
39,2|8|10|11|13|14|15|16|17|18|22|23|24|25|26|28|34|36|37|40|48,0|1|2|3|4,0|1|3|12|19|23|24|32|46|50|52|55|57|63|64|66|68|69|70|74|77|103|115|130|133|152|154|163|179|182|195|205|214|215|225|231|235,0|13|16|18|20|32|38|39|45|47|48|50|63|64|65|67|68|71|77|78|81|98|120|135|142|143|149|153|155|171|172|174|184|189|196|198|199|219|220|226|231|246|254|256|258|260|262|288|293|294|311|312|314|315|318|321|322|324|325|330|331|333|335|336|337|340|342|344|346|347|348|351|352|354|356|363|364|385|388|393|398|403|404|411|414|416|435|442|447|448|459|462|467|471|474|479|520|548|553|559|584|585|641|646|674|750|758|759|772|790|817|824|919|944|957|966|972|977|1001
40,2|7|8|9|11|13|14|15|17|18|20|22|23|24|25|26|27|28|29|30|32|33|34|35|36|37|40|46|53,0|1|2|3|4,0|1|3|5|12|15|19|23|26|28|29|30|44|46|47|48|50|52|55|58|62|63|66|68|69|70|71|77|78|80|82|109|115|118|119|123|130|133|141|148|149|154|158|167|179|182|188|191|194|195|198|202|205|206|209|212|214|215|218|219|229|231,0|9|11|13|15|17|18|20|22|23|24|25|26|27|29|31|36|38|41|45|47|48|49|50|51|60|63|64|66|68|69|70|84|119|120|135|142|143|147|149|153|154|155|157|171|172|174|184|187|189|194|196|198|203|205|208|220|226|229|239|244|245|246|254|258|260|269|288|290|293|294|298|311|312|314|315|317|318|321|322|324|325|328|330|331|332|333|335|337|339|340|343|344|346|347|348|351|352|354|356|363|376|385|389|392|395|398|403|404|407|409|410|411|416|424|427|430|435|436|442|447|448|453|458|462|467|474|480|482|548|553|560|581|597|604|619|646|657|663|675|693|695|699|715|718|739|747|749|750|759|761|780|784|813|817|824|834|844|857|862|869|871|872|876|900|904|921|926|941|952|957|977|1005|1017
41,2|6|7|8|9|10|11|13|15|17|18|19|22|23|24|25|26|28|29|30|31|32|33|34|36|37|40,0|1|2|3|4,0|1|3|5|6|12|19|23|25|28|30|32|46|48|50|52|54|55|57|58|60|62|63|66|68|69|70|71|76|77|80|85|93|99|103|115|119|124|130|131|133|141|146|148|149|154|162|167|178|179|181|182|188|194|195|198|202|205|214|215|217|218|225|231|235,0|2|11|12|13|14|17|20|25|29|30|31|38|39|40|43|44|45|47|48|49|50|51|55|56|58|59|62|63|64|65|66|71|74|77|79|81|87|88|118|120|135|138|142|143|147|149|153|154|155|157|165|171|172|174|183|184|189|196|198|199|208|214|220|222|226|235|238|244|246|254|256|258|260|268|288|290|293|294|309|311|312|314|315|317|318|321|322|324|325|329|330|331|333|335|336|337|339|340|342|343|344|346|347|348|351|352|354|356|360|363|367|368|379|382|385|388|392|393|395|400|401|403|410|411|412|416|424|435|442|447|448|459|462|467|471|480|492|548|553|558|573|581|583|585|596|597|621|626|627|641|642|646|654|664|674|675|678|685|693|695|715|727|733|749|750|756|758|759|761|766|772|780|790|812|813|817|824|826|844|855|871|879|884|904|912|917|919|921|923|966|972|977|1002|1011
42,2|6|8|9|10|11|13|14|15|17|18|23|24|26|28|30|33|34|36|37|40|53,0|1|2|3|4,0|1|3|4|5|12|19|23|27|29|32|39|44|46|48|50|55|57|59|62|63|66|68|69|70|71|77|80|91|92|99|109|115|119|123|130|133|144|149|154|158|162|178|179|181|182|187|194|195|198|202|205|208|214|215|218|221|230|231|235,0|8|12|13|15|20|22|23|24|25|26|30|31|38|39|41|45|47|48|50|51|53|60|62|63|64|66|68|74|78|81|84|117|120|134|135|142|143|149|151|153|155|157|158|171|172|174|184|189|194|196|198|199|220|222|226|238|244|246|252|254|256|258|260|269|288|290|293|294|311|312|314|315|316|318|321|322|324|325|330|331|332|333|335|336|337|339|340|342|343|344|345|346|347|348|351|352|354|356|363|367|370|385|392|395|396|401|403|404|409|410|411|414|416|418|423|424|435|442|443|447|448|454|459|462|467|471|474|480|519|520|531|536|546|548|553|560|574|578|583|596|612|646|657|664|678|685|689|695|696|715|718|727|735|747|748|751|756|758|759|761|766|772|780|790|793|811|817|824|827|844|857|869|871|872|881|885|912|914|918|919|923|927|931|942|944|957|965|966|972|977|986|991|999|1002|1010|1017
43,2|7|8|9|10|11|13|14|15|17|18|21|22|23|24|25|26|27|28|29|30|32|33|34|35|37|40,0|1|2|3|4,0|1|3|5|12|15|19|23|27|29|32|44|46|48|50|52|55|58|61|62|63|66|68|69|70|71|73|77|80|82|85|87|93|101|103|105|119|130|133|134|136|148|149|154|162|167|168|179|180|181|182|185|188|189|194|195|198|205|214|215|218|221|225|230|231|235,0|3|4|9|11|12|13|15|16|17|20|23|24|25|26|28|29|30|31|34|38|39|40|44|45|47|48|49|50|51|52|53|55|56|59|63|64|65|68|71|74|75|77|78|83|84|118|120|134|135|138|143|145|149|153|154|155|158|166|171|172|174|184|188|189|194|196|198|203|208|216|219|220|223|226|228|232|235|238|244|245|246|254|256|258|260|275|286|288|290|293|294|298|301|309|311|312|314|318|319|321|322|324|325|327|329|330|331|332|333|335|336|337|339|340|341|343|344|346|347|348|351|352|354|356|360|363|376|385|392|393|395|396|398|403|404|408|410|411|414|415|416|418|419|424|435|436|442|447|448|451|452|457|462|463|467|471|474|479|480|548|552|553|554|558|560|567|574|580|584|585|596|597|608|610|611|616|619|639|641|642|646|648|653|654|655|657|664|665|668|674|676|682|689|690|693|695|697|709|727|747|748|750|753|759|761|772|778|780|784|790|792|803|812|817|824|826|836|837|844|857|871|878|879|881|885|887|895|900|919|921|923|928|931|940|947|963|972|974|977|991|992|995|1007|1011
44,2|8|10|11|13|15|17|18|22|23|24|25|26|28|30|33|34|37|46|47,0|1|2|3|4,0|1|3|5|6|12|23|30|46|48|50|52|55|57|60|63|66|68|69|74|77|79|80|85|90|93|103|114|118|119|130|133|149|162|167|168|181|182|190|194|195|198|205|215|218|228|229|230|231,0|9|10|11|12|20|23|25|26|30|31|38|41|44|45|47|48|49|50|51|64|68|71|74|78|133|135|138|154|155|157|166|171|172|174|178|184|189|196|203|208|215|220|226|227|229|235|238|244|245|246|249|252|258|260|288|290|301|311|314|318|321|322|327|329|330|331|335|337|339|342|343|346|347|348|351|352|354|356|360|363|376|385|393|395|398|401|403|408|414|416|417|418|424|436|442|448|453|458|462|467|492|510|523|548|552|553|558|560|566|596|603|625|627|642|646|664|665|675|682|715|750|759|761|780|784|805|817|819|822|824|826|829|871|878|881|884|921|977|1002|1016
45,2|8|9|10|11|13|17|19|21|23|24|25|26|28|30|33|34|36|37,0|1|2|3|4,1|3|12|23|27|28|32|44|46|48|50|66|68|69|77|80|115|119|130|133|141|149|154|179|181|182|194|195|198|202|205|215|217|218|230|231,0|10|14|17|22|30|38|48|50|51|64|68|71|81|135|142|143|149|153|154|155|171|174|184|189|196|220|226|234|245|246|256|258|260|269|288|290|293|294|311|312|314|315|316|318|321|322|330|331|332|333|335|337|340|346|347|348|351|354|356|363|385|392|395|401|410|416|418|424|435|442|447|448|462|467|471|474|476|520|552|553|583|597|626|646|659|666|675|695|705|759|772|780|794|817|824|869|877|878|885|921|941|977
46,2|7|8|10|11|13|14|15|17|18|21|22|23|24|25|26|27|28|29|30|31|32|33|34|35|36|37|38|53,0|1|2|3|4,0|1|3|5|6|8|10|12|23|24|26|28|29|30|32|43|46|47|48|50|52|54|55|58|59|60|62|63|66|68|69|70|71|72|75|77|80|82|83|85|87|91|93|103|115|118|119|129|130|131|133|134|141|146|148|149|154|155|158|162|163|167|168|178|179|181|182|186|188|190|191|194|195|197|198|200|202|205|206|208|214|215|218|222|226|228|229|230|231|235,0|4|6|7|8|9|10|11|12|13|14|17|19|20|21|22|23|24|26|27|30|31|32|36|38|39|40|41|42|43|44|45|46|47|48|49|50|51|55|56|57|58|59|60|61|62|63|64|65|67|68|69|70|71|72|74|75|77|79|80|81|84|85|88|97|111|118|119|120|133|135|142|143|144|149|153|154|155|157|160|162|165|166|167|169|171|172|174|184|187|189|194|196|198|203|208|215|216|219|220|223|226|229|232|235|236|238|240|241|244|245|246|249|252|256|258|260|269|271|273|275|282|286|290|293|294|308|309|311|312|313|314|317|318|321|322|328|329|330|331|333|335|336|337|339|346|347|348|351|352|354|356|360|363|364|366|367|368|373|374|376|379|380|382|385|392|393|394|395|398|401|403|404|405|407|408|410|411|412|414|416|419|424|425|428|429|430|435|436|442|443|444|447|448|451|453|454|457|459|462|463|464|467|470|475|479|480|481|492|519|520|524|534|535|536|548|551|555|558|559|560|564|566|571|574|583|584|585|590|591|597|603|609|625|642|643|646|655|657|661|663|664|665|668|674|675|676|682|683|685|689|691|692|693|695|696|712|715|718|727|733|739|748|749|750|753|758|759|761|772|780|787|789|790|793|798|811|812|813|817|823|824|826|837|844|857|862|866|869|871|879|881|900|904|908|910|912|914|917|921|922|923|928|930|941|945|947|948|957|959|965|966|970|971|974|977|991|993|995|996|1002|1003|1005|1006|1011
47,2|7|8|10|11|13|14|15|17|18|20|22|23|24|25|26|27|28|29|30|32|33|34|37|40|45,0|1|2|3|4,0|1|3|5|19|23|30|31|32|34|46|48|55|57|62|63|66|68|69|70|71|74|77|82|85|93|105|115|119|130|133|148|158|167|168|179|182|188|194|195|202|205|209|214|215|217|218|230|231,0|4|9|11|12|15|17|20|23|24|28|31|32|35|38|40|45|47|48|50|51|53|59|63|64|65|68|71|80|81|107|120|135|142|143|147|149|153|155|158|166|171|172|174|177|184|189|196|198|203|220|221|226|229|244|245|246|248|254|256|258|260|269|275|288|293|294|297|311|312|314|315|318|321|322|324|325|329|330|331|332|333|335|337|339|340|342|343|344|346|347|348|351|352|354|356|363|385|392|395|398|401|403|404|410|411|416|419|435|441|442|447|448|452|459|462|464|467|471|474|480|523|548|551|553|573|578|597|603|646|657|668|674|678|696|715|718|739|741|750|759|761|778|780|798|817|850|855|871|901|904|909|914|919|923|928|957|971|977|986|1011
48,2|6|8|9|10|11|13|15|17|22|23|24|25|26|28|30|32|33|34|35|36|37|38|40|43,0|1|2|3|4,0|1|3|5|12|19|23|24|29|32|39|44|46|50|55|57|62|63|66|68|69|70|71|72|75|77|80|82|83|85|93|103|104|105|115|119|123|131|133|141|148|153|154|158|162|166|178|179|181|182|194|195|198|202|205|215|218|219|229|230|231|235|239,0|9|11|12|13|14|15|17|20|25|26|27|29|31|32|38|39|41|45|47|48|49|50|51|53|58|59|60|61|63|64|67|68|70|71|72|73|77|78|81|84|87|111|135|138|142|143|144|149|153|154|155|157|160|162|166|171|172|174|184|189|194|196|198|203|208|220|223|226|229|232|244|246|254|256|258|260|284|288|293|294|301|311|312|314|315|317|318|321|322|324|325|328|329|330|331|332|333|335|336|337|339|340|342|343|346|347|348|351|352|354|356|359|363|367|385|387|390|392|393|395|403|404|407|410|411|414|416|435|442|447|448|459|462|463|464|467|470|471|474|520|523|535|548|553|566|567|573|583|585|596|610|623|646|654|661|664|674|678|682|689|695|699|718|735|739|761|772|778|780|790|811|812|813|824|828|836|844|857|862|869|871|885|904|909|918|928|939|944|945|949|957|966|986|987|990|991|998|999|1003|1010|1011|1013
49,2|8|10|11|13|17|18|21|22|23|24|25|26|28|30|34|35|36|37|46|53,0|1|2|3|4,0|1|3|5|6|12|23|27|29|46|47|48|50|57|60|63|66|68|69|70|71|77|80|83|85|103|104|105|115|119|133|134|154|167|179|180|181|182|188|194|195|196|198|205|209|215|217|230|231,0|5|9|20|22|38|41|42|45|47|48|49|50|51|55|61|62|63|64|65|74|77|78|81|135|142|143|149|151|153|155|157|171|172|174|184|189|194|196|198|199|203|208|216|220|222|226|232|235|238|241|245|246|254|258|260|275|288|293|294|301|311|314|315|317|318|321|322|325|329|330|331|332|333|335|337|346|348|351|352|354|356|363|367|376|385|392|395|401|408|410|416|424|435|436|442|447|448|458|462|467|476|480|492|520|553|555|558|574|597|602|646|651|657|661|674|675|676|685|689|693|695|697|712|727|750|758|761|772|790|798|813|817|824|844|857|869|871|909|928|931|933|966|977|994|1011|1017
50,2|6|7|8|10|11|13|15|17|18|19|20|22|23|24|25|26|27|28|29|30|31|32|33|34|37|40|46|48,0|1|2|3|4,0|1|3|4|5|19|23|27|30|31|32|34|42|44|46|48|50|52|54|55|57|62|65|66|68|69|70|71|77|80|82|93|104|114|115|119|133|134|141|148|149|154|162|167|179|181|182|188|190|194|195|197|198|202|205|206|215|218|219|225|230|231|235|238,0|2|9|12|13|14|16|17|18|22|29|32|38|40|41|43|44|47|48|49|50|51|53|54|55|58|59|60|63|64|68|71|78|119|133|134|135|142|143|149|153|155|157|171|172|174|184|189|196|208|216|219|220|222|226|238|240|242|244|246|248|254|256|258|260|265|275|279|288|290|293|294|301|311|312|314|315|318|321|322|324|325|328|330|331|333|335|336|337|340|342|343|346|347|348|351|352|354|356|363|364|385|392|393|395|403|404|410|411|412|415|416|419|424|430|435|442|447|448|453|457|459|462|467|471|474|535|553|566|583|585|596|597|604|610|621|646|657|678|682|695|699|715|735|749|772|778|780|784|811|813|817|824|860|862|871|872|885|900|916|945|977|987|998|1011
51,2|7|8|9|10|11|13|14|15|17|18|19|22|23|24|25|28|30|31|32|34|37|38|40|48|53,0|1|2|3|4,0|1|3|23|30|32|39|46|47|50|55|62|66|68|69|70|71|77|80|82|85|93|103|104|115|119|122|130|133|148|154|167|178|182|191|194|195|198|205|206|214|215|217|218|229|231|235|238,0|12|13|20|21|22|25|26|38|39|43|45|48|49|50|51|52|58|60|64|65|68|71|72|78|81|87|118|121|134|135|142|143|153|155|165|169|172|174|184|189|196|198|203|208|220|226|246|254|256|258|260|271|275|288|293|294|311|312|314|315|318|321|322|324|325|330|331|332|333|335|336|337|340|343|344|346|347|348|351|352|354|356|363|373|376|385|392|395|401|403|404|407|408|411|412|416|435|436|442|447|448|459|462|463|464|467|474|480|548|553|566|574|583|584|596|597|603|610|623|625|653|657|664|675|682|694|699|715|727|750|753|758|759|761|772|812|824|826|833|837|871|900|901|909|911|928|959|971|977|989
52,2|8|10|11|24|26|34|37,0|1|2|3|4,3|19|32|52|66|69|77|130|154|179|182|205|215|231,38|40|50|68|135|143|153|155|174|184|189|196|198|220|226|254|258|260|288|293|311|314|318|321|322|331|337|346|348|351|354|356|363|385|392|405|410|416|435|442|447|448|459|462|467|596|602|646|759|780|813|817|824|885|971|1011
53,2|8|9|11|13|15|17|21|22|23|24|25|26|27|28|30|33|34|37,0|1|2|3|4,0|1|3|12|23|28|29|32|45|46|48|55|60|63|66|68|69|77|80|93|99|104|119|131|133|134|141|148|154|162|167|173|179|182|188|190|191|194|195|205|215|229|231|235,0|12|14|20|23|32|37|38|39|44|48|50|51|55|60|63|64|68|71|74|78|81|82|133|143|149|154|155|158|171|174|184|194|196|203|220|226|236|240|244|294|311|312|321|322|333|335|337|347|348|354|356|360|363|375|376|385|390|393|395|396|407|410|411|414|416|442|448|451|480|529|573|596|597|646|693|695|747|750|766|790|871|939|965|984|991
54,2|8|11|13|17|19|21|22|23|24|28|30|33|34|37|40,1|2|3|4,0|3|23|30|46|50|57|62|66|68|69|70|77|83|103|123|133|141|143|154|162|190|194|195|205|215|231,0|11|13|20|31|32|38|45|47|48|50|51|63|64|67|68|69|74|133|135|142|149|153|155|171|174|184|189|198|203|220|223|226|244|246|254|256|258|260|288|293|294|311|312|314|315|318|321|322|324|325|331|332|333|335|336|337|340|342|346|347|348|351|352|354|356|363|385|404|411|415|435|442|447|448|459|462|467|474|476|480|523|528|535|536|573|625|626|646|651|654|761|772|817|824|843|844|977|1011
55,2|6|7|8|10|11|13|14|15|17|18|21|22|23|24|25|26|28|30|31|32|34|37|40,0|1|2|3|4,0|1|3|5|15|23|28|30|46|48|50|55|57|62|63|66|68|69|71|77|80|85|93|103|104|119|130|131|133|141|154|162|167|179|182|189|191|194|195|198|205|209|214|215|217|229|231|235,0|9|11|12|13|14|15|20|23|25|31|32|38|40|41|44|45|48|50|51|60|64|68|69|71|74|78|81|120|135|143|153|154|155|157|167|171|172|174|177|181|184|188|189|196|203|220|221|226|228|234|235|240|244|245|246|249|254|258|260|275|281|288|293|294|311|312|314|315|316|318|321|322|324|325|330|331|333|335|337|339|342|343|345|346|347|348|351|354|356|360|363|376|385|388|392|393|396|398|403|404|410|411|416|424|435|439|442|447|448|459|462|467|471|476|480|520|548|553|554|573|574|577|596|597|604|621|626|643|646|648|664|665|675|678|727|739|749|758|759|761|772|775|787|798|812|824|826|827|837|844|869|871|876|878|879|885|904|923|931|977|990|998|1003|1005|1008|1011|1016
56,2|6|7|8|9|10|11|13|14|15|17|18|22|23|24|25|26|28|29|30|32|33|34|35|37|40|41,0|1|2|3|4,0|1|3|5|12|19|23|24|27|29|30|32|36|39|46|48|52|55|62|63|66|68|69|70|71|75|76|77|80|85|93|103|111|115|119|125|130|133|148|149|152|154|158|162|163|166|179|181|182|194|195|198|205|214|215|218|225|229|231|235,0|9|11|12|13|20|23|25|26|31|32|36|38|39|43|45|48|50|51|60|62|63|64|65|67|68|71|77|81|120|135|142|143|144|149|153|154|155|157|158|165|172|174|184|189|190|194|196|198|199|205|206|208|214|216|220|226|228|229|234|238|245|246|254|258|260|275|279|288|290|293|294|301|311|312|314|315|318|321|322|324|329|330|331|332|333|335|337|339|340|346|347|348|351|352|354|356|363|366|375|385|392|393|395|403|407|411|414|416|424|435|441|442|444|447|448|453|459|462|464|467|471|474|545|548|551|553|554|555|566|567|583|584|596|615|626|639|646|675|678|682|695|700|712|718|724|749|756|759|761|772|788|790|811|813|817|824|844|919|959|974|976|977|986|991|994|999|1005|1011|1017
57,2|7|8|10|11|13|15|17|18|20|22|23|24|25|26|27|28|30|31|33|34|35|36|37|38|40|43|46|48,0|1|2|3|4,0|1|3|5|6|10|12|19|22|23|27|34|39|42|45|46|48|50|54|55|66|68|69|70|71|75|77|80|85|87|93|103|115|119|126|130|133|140|148|167|168|176|182|190|191|194|195|198|200|202|205|206|208|214|215|218|219|229|231|235|239,0|9|11|13|17|20|23|26|29|31|32|37|38|39|41|44|45|46|47|48|49|50|51|58|59|60|62|63|64|65|67|71|77|78|81|86|87|117|119|130|133|135|143|144|149|153|154|155|166|167|171|172|174|184|189|196|199|203|208|219|220|226|232|235|244|245|246|249|258|265|269|275|279|287|288|290|311|312|313|314|316|317|318|321|322|323|324|325|329|333|335|337|340|347|348|351|352|354|356|359|363|368|373|380|385|395|403|407|411|412|414|416|418|419|424|435|436|439|442|444|448|452|459|462|463|476|480|492|528|548|553|558|560|565|566|585|596|601|604|646|655|664|681|689|699|715|724|727|732|753|759|761|772|780|784|790|817|823|824|871|883|885|895|918|921|957|977|995|999|1004|1011|1017
58,2|6|7|8|9|11|13|15|16|17|18|21|22|23|24|25|26|27|28|29|30|32|33|34|36|37|46|53,0|1|2|3|4,0|1|3|4|5|6|12|19|23|24|26|28|29|30|32|42|44|46|47|48|50|52|55|59|62|63|64|66|68|69|70|71|74|75|76|77|80|82|85|87|91|93|95|99|103|109|115|119|123|131|133|134|141|146|148|149|150|154|158|162|167|179|181|182|184|188|190|194|195|197|198|202|205|206|208|214|215|218|221|229|230|231|235|238,0|1|5|6|9|11|12|13|14|15|18|20|21|22|23|24|25|26|29|31|32|37|38|39|40|41|42|43|45|47|48|49|50|51|53|55|58|59|60|61|62|63|64|65|67|68|70|71|72|78|79|81|96|98|119|120|124|133|134|135|142|144|149|153|154|155|157|169|171|172|174|184|189|194|196|198|199|208|214|216|219|220|226|229|232|235|238|242|244|245|246|256|258|260|265|275|280|288|290|294|311|312|314|315|317|318|321|322|324|328|330|331|333|335|336|337|340|343|347|348|351|354|356|363|364|366|373|379|385|393|395|398|403|405|407|408|410|411|412|414|416|423|431|435|436|442|443|447|448|451|454|457|458|462|463|467|479|480|492|519|535|548|555|556|558|561|566|573|574|577|578|582|583|584|585|596|597|603|626|627|639|642|646|649|650|654|655|657|663|664|665|676|678|682|685|689|695|712|718|725|727|732|733|735|739|747|749|750|751|753|761|766|768|772|778|784|788|790|793|812|813|819|823|824|826|828|832|843|844|857|860|861|862|871|879|885|886|900|904|910|918|919|921|923|928|930|941|957|977|980|986|987|991|995|998|1002|1008|1011|1012|1016
59,2|7|8|9|10|11|13|14|15|17|18|22|23|24|25|26|27|28|29|30|31|32|33|34|35|36|37|40|44|46|53,0|1|2|3|4,0|1|3|4|5|11|12|19|23|24|26|27|28|29|30|32|43|44|46|47|48|50|52|55|57|59|62|63|65|66|68|69|70|71|72|74|77|79|80|82|83|85|87|89|91|93|95|99|100|103|115|117|119|129|130|133|134|136|141|142|143|146|148|149|150|154|155|158|162|163|167|168|176|178|179|180|181|182|186|188|190|191|194|195|196|197|198|202|205|206|209|214|215|217|218|222|225|228|229|230|231|234|235,0|6|7|9|10|11|12|13|14|16|17|18|20|21|22|23|24|25|26|27|28|29|31|32|34|37|38|39|40|41|43|44|45|46|47|48|49|50|51|52|53|54|55|57|58|60|62|63|64|65|67|68|69|70|71|74|75|78|81|82|84|87|93|120|133|135|138|142|143|147|149|153|154|155|157|158|162|163|165|167|169|171|172|174|184|187|188|189|190|194|196|198|199|202|203|220|221|226|227|232|235|238|240|241|242|244|245|246|249|254|256|258|260|269|288|290|293|294|297|301|309|311|312|314|315|317|318|321|322|324|325|328|330|331|332|333|335|336|337|340|342|343|344|346|347|348|351|352|354|356|363|364|367|373|376|379|380|382|385|392|393|395|398|400|401|403|404|405|410|411|412|414|415|416|418|423|424|425|427|428|435|436|441|442|447|448|453|459|461|462|464|467|471|480|482|483|519|520|535|548|552|553|554|560|564|566|567|571|573|574|582|583|584|585|586|596|597|604|608|609|626|639|641|646|648|649|650|654|655|657|661|664|665|672|675|676|682|685|689|692|693|695|696|697|700|712|715|718|727|731|732|735|739|747|749|750|753|758|759|761|766|772|778|780|783|784|788|790|792|803|812|813|816|817|823|824|826|828|834|843|844|860|862|871|872|878|883|884|890|892|894|904|908|912|923|928|931|939|940|944|945|947|949|957|959|972|974|975|976|977|986|987|990|991|993|995|998|1002|1003|1005|1006|1007|1008|1010|1011|1016
60,2|8|11|13|15|17|18|22|23|24|25|26|27|28|31|32|34|35|37,0|1|2|3|4,0|1|3|16|23|24|29|44|46|48|50|55|62|63|66|68|69|70|77|80|82|119|130|133|148|149|163|167|179|180|182|191|194|198|202|205|215|218|230|231|237,0|12|20|23|30|38|41|44|45|46|47|48|49|50|51|54|60|61|63|64|68|74|77|81|124|135|143|149|153|154|155|157|165|167|172|174|184|189|194|196|203|208|219|220|226|228|254|258|260|265|275|282|288|290|293|311|314|317|318|321|322|323|324|328|331|335|337|340|346|347|348|351|354|356|363|364|370|373|376|393|395|398|403|410|414|416|424|427|435|442|444|448|462|467|474|553|585|646|682|695|751|759|780|795|813|824|826|832|844|862|871|879|884|923
61,2|7|8|9|10|11|13|14|15|16|17|18|20|21|22|23|24|25|26|27|28|29|30|31|32|33|34|35|37|38|45|46|53,0|1|2|3|4,0|1|3|5|11|12|23|24|27|28|29|30|32|34|35|41|46|47|48|50|52|55|57|59|62|63|66|68|69|70|74|77|80|85|87|91|93|103|104|105|112|119|123|130|133|134|141|144|148|149|154|158|162|163|167|168|179|180|182|191|194|195|198|202|205|208|214|215|218|221|228|229|230|231|235,0|9|11|12|13|14|16|20|21|22|23|25|26|28|29|31|36|38|40|41|42|43|44|45|46|47|48|49|50|51|55|57|58|59|60|61|63|64|65|67|68|69|70|71|72|73|74|76|77|78|81|84|88|89|93|98|119|120|134|135|138|142|143|147|153|154|155|157|165|166|171|172|174|184|187|189|194|196|198|203|208|219|220|222|226|229|232|235|244|245|246|249|252|258|262|265|267|268|269|271|275|288|290|293|294|296|302|308|311|312|313|314|317|318|321|322|329|331|332|333|335|336|337|343|344|346|347|348|351|354|356|360|363|366|367|368|374|375|376|378|385|390|393|395|398|401|403|404|407|410|411|414|416|418|419|424|435|436|442|447|448|454|459|462|474|480|528|535|548|552|560|566|567|573|574|577|582|583|584|585|596|597|604|611|621|631|637|639|646|657|663|664|665|675|681|682|689|695|718|735|756|759|761|772|775|778|780|783|784|790|798|804|811|812|817|819|824|826|828|832|836|843|855|869|871|884|885|900|908|909|910|917|918|923|928|930|932|944|947|950|959|971|977|984|986|1003|1010|1011
62,2|6|7|8|9|10|11|13|14|15|17|18|20|22|23|24|25|26|27|28|29|30|32|33|34|35|36|37|38|40|43|45|46|53,0|1|2|3|4,0|1|3|5|6|10|11|12|16|19|22|23|24|26|27|28|29|30|32|44|45|46|47|48|50|52|54|55|56|58|62|63|65|66|68|69|70|74|75|77|80|82|85|87|91|93|98|103|104|108|115|119|123|130|131|133|141|143|148|149|152|154|158|162|167|173|179|180|181|182|190|194|195|198|202|205|206|214|215|218|222|223|225|229|230|231|235,0|2|4|5|7|9|10|11|12|13|14|16|17|20|22|23|24|25|26|27|28|29|30|31|32|37|38|39|40|41|44|45|46|47|48|49|50|51|52|54|55|58|59|60|62|63|64|65|66|67|68|69|70|71|72|74|77|78|80|81|82|84|85|88|100|117|120|121|127|135|144|145|149|153|154|155|157|158|162|165|166|167|171|172|174|183|184|187|189|194|196|198|208|209|216|219|220|226|229|236|238|240|244|245|246|249|252|254|258|259|260|265|269|273|275|290|294|298|309|311|312|314|316|317|318|321|322|324|328|329|330|331|333|335|337|340|346|347|348|351|352|354|356|360|363|367|376|377|382|385|392|395|396|398|400|401|403|407|409|410|411|414|416|418|419|420|421|424|430|435|436|439|441|442|447|448|450|452|453|457|462|467|480|483|492|494|519|523|529|535|536|545|548|553|557|558|566|567|574|577|580|584|595|596|597|611|618|619|637|639|641|646|649|650|655|657|664|665|669|672|674|675|682|689|690|692|695|696|715|718|735|739|747|748|749|750|751|758|759|761|772|784|788|790|813|815|817|822|824|826|832|862|866|871|872|885|892|910|911|912|919|921|923|927|928|930|931|941|947|950|957|965|971|974|977|986|991|1005|1010|1011|1012|1017
63,2|8|10|11|13|14|16|17|18|20|22|23|24|25|26|27|28|29|30|32|33|34|35|37|38|46|53,0|1|2|3|4,0|1|3|12|19|23|24|29|45|46|48|50|52|56|58|62|63|66|68|69|70|71|75|77|80|93|103|105|109|115|119|133|149|150|154|155|167|168|179|181|182|194|195|198|202|205|214|215|218|229|230|231,0|13|15|17|18|20|25|30|37|38|40|41|43|45|47|48|49|50|51|53|59|60|61|63|64|65|67|68|69|71|72|77|78|87|119|120|135|143|144|153|154|155|169|172|174|184|189|194|196|203|208|220|226|229|238|245|246|249|252|258|269|288|290|293|294|311|312|314|316|317|318|323|324|329|331|335|337|340|344|347|348|351|352|354|356|363|366|385|392|395|398|403|404|407|408|410|416|424|435|436|442|448|462|463|471|480|521|535|538|548|566|567|573|585|597|618|627|646|659|665|675|676|678|695|697|727|750|761|772|817|818|824|826|833|844|845|857|864|871|878|888|919|923|957|959|977|986|991|999
64,2|7|8|9|10|11|13|14|15|16|17|18|21|22|23|24|25|26|27|28|29|30|31|32|33|34|35|36|37|38|53,0|1|2|3|4,0|1|3|5|6|8|11|12|19|23|24|27|28|29|30|32|34|46|48|50|51|52|55|58|60|62|63|65|66|68|69|70|71|75|77|80|82|85|87|91|93|95|99|103|104|105|106|114|115|116|118|119|123|124|125|130|133|134|136|141|143|148|149|154|158|163|167|168|176|178|179|180|181|182|183|184|188|190|191|194|195|198|202|205|206|214|215|218|221|222|223|226|228|229|230|231|235|238,0|5|8|9|10|11|12|13|14|16|17|18|20|23|24|25|30|31|37|38|39|40|41|43|44|45|46|47|48|49|50|51|53|55|58|59|60|61|64|65|67|68|70|71|72|75|76|77|78|79|88|90|115|117|118|119|120|133|134|135|136|143|144|147|149|153|154|155|156|157|165|166|167|169|171|172|174|177|178|184|189|194|196|198|199|203|208|219|220|226|229|231|235|238|240|244|245|246|254|258|260|262|266|269|288|290|293|294|301|303|311|314|316|317|318|321|322|324|328|329|330|331|332|335|336|337|340|343|344|346|347|348|351|352|354|356|360|363|366|373|376|385|392|393|395|398|401|403|407|410|411|414|416|418|424|425|435|436|442|447|448|451|452|453|457|458|462|464|467|479|480|485|492|518|519|520|523|535|536|538|548|555|558|560|566|567|571|573|574|581|582|583|584|585|596|597|604|609|613|619|620|625|627|639|642|646|655|657|661|664|665|666|674|675|676|682|683|685|689|690|693|695|696|709|712|715|718|727|739|748|749|750|753|758|759|761|766|772|773|775|778|780|783|784|789|790|792|798|803|811|813|815|817|824|829|837|844|862|871|872|878|881|883|885|886|894|904|909|917|918|919|921|923|926|931|941|944|957|959|965|966|971|977|986|991|992|995|996|999|1002|1003|1005|1010|1011
65,2|8|10|11|13|17|18|23|24|26|28|34|37|40,0|1|2|3|4,1|3|19|24|27|44|46|57|63|66|68|69|71|77|82|99|103|104|119|130|133|154|158|167|179|182|198|205|209|215|218|230|235,0|13|17|20|22|23|26|38|42|45|50|62|67|135|149|153|155|174|184|187|189|196|198|208|220|226|254|258|260|288|293|294|311|314|318|321|322|324|331|333|335|337|340|342|346|347|348|351|352|354|356|363|366|385|392|395|410|411|416|418|435|442|447|448|451|462|467|480|523|535|536|596|646|683|686|696|715|718|759|761|766|780|817|824|862|914|923|941|942|977|1011
66,2|11|13|22|24|26|34|37,0|1|2|3,0|3|12|19|46|63|66|69|80|141|146|149|154|181|198|205|215|218|230,26|38|48|135|149|153|155|172|174|178|184|189|196|208|220|226|238|256|258|260|288|290|293|311|314|315|318|321|322|324|325|331|333|337|340|343|346|348|351|352|354|356|363|379|385|395|403|411|415|424|442|448|462|471|474|553|571|646|649|695|715|761|790|817|904|928|970
67,2|7|8|10|11|13|14|15|17|18|20|22|23|24|25|26|27|28|29|30|32|33|34|35|36|37|53,0|1|2|3|4,0|1|3|5|6|11|12|13|20|23|24|28|31|32|39|46|47|48|50|52|54|55|58|60|62|63|66|68|69|70|71|74|77|80|85|87|93|103|105|115|116|119|130|131|133|134|149|154|162|167|168|173|176|179|181|182|185|194|195|198|202|205|206|214|215|217|226|228|229|230|231,0|5|9|10|11|12|14|20|22|23|24|31|32|33|38|39|40|41|44|45|47|48|49|50|51|55|57|58|59|64|65|67|68|69|70|71|72|74|78|81|82|87|88|96|98|118|135|138|142|143|146|147|153|154|155|157|158|162|164|165|169|171|172|174|177|184|189|196|199|203|208|215|219|220|226|229|235|238|244|245|248|258|265|271|275|290|293|296|301|311|312|314|317|318|321|322|330|331|335|336|337|341|343|346|347|348|351|354|356|363|368|376|385|393|395|398|401|403|407|410|411|414|415|416|418|424|432|435|436|442|443|447|448|457|462|467|480|492|520|529|535|548|560|566|567|573|578|581|582|583|596|597|619|623|626|639|646|649|650|655|657|661|663|664|665|674|682|695|699|727|750|759|761|768|772|778|784|790|812|813|824|826|828|831|843|844|857|871|878|883|888|904|911|921|923|931|932|947|949|965|971|977|986|991|993|1010|1011
68,2|7|8|9|10|11|13|14|17|18|19|20|22|23|24|25|26|28|29|30|31|32|33|34|35|36|37|38|40,0|1|2|3|4,0|1|3|5|8|12|19|23|24|28|30|32|39|46|48|50|52|54|55|57|62|63|66|68|69|70|71|77|80|85|93|95|99|103|104|106|108|115|119|130|133|136|141|149|154|178|180|182|190|191|194|195|198|202|205|206|209|214|215|229|230|231|235|238,0|3|5|9|10|11|12|14|17|20|22|25|31|37|38|39|40|45|47|48|50|51|55|58|63|64|68|69|71|74|77|83|118|119|120|133|134|135|143|149|153|154|155|157|165|169|171|172|174|184|189|196|203|208|220|221|226|229|244|245|246|254|256|258|260|268|269|287|288|290|293|294|309|311|312|314|315|317|318|321|322|324|325|331|333|335|336|337|339|340|342|344|346|347|348|351|352|354|356|363|373|376|385|392|393|395|398|400|401|403|404|407|411|416|424|430|435|436|442|444|447|448|451|457|459|462|464|467|471|474|479|480|485|519|523|530|531|548|551|552|559|566|574|577|585|596|597|619|620|626|641|642|646|654|655|663|664|665|668|674|682|683|693|695|696|699|715|724|727|749|750|751|758|759|761|772|780|790|792|798|811|812|817|824|826|828|843|844|860|861|866|871|878|881|884|904|912|913|916|918|921|923|926|928|941|946|947|977|984|991|993|995|998|1002|1003|1005|1011|1016
69,2|6|8|9|11|13|15|17|18|22|23|24|25|28|29|30|32|33|34|35|37,0|1|2|3|4,0|1|3|5|12|19|23|24|27|30|32|39|46|50|52|55|57|62|63|65|66|68|69|70|77|80|91|93|119|133|149|152|154|162|167|179|181|182|194|195|198|202|205|206|214|215|231,0|7|11|12|13|14|18|20|25|27|28|31|32|33|38|39|40|45|47|48|49|50|51|52|59|60|63|64|67|69|71|81|82|117|119|135|138|143|149|153|155|169|171|172|174|184|189|196|203|208|220|226|229|238|244|254|256|258|260|269|290|293|294|301|311|312|314|315|318|321|322|330|331|332|333|335|336|337|340|342|347|348|351|354|356|363|373|376|385|392|393|395|403|412|416|419|435|442|447|448|459|462|467|471|480|545|552|560|583|610|626|646|648|654|657|664|674|692|712|715|735|748|761|772|790|817|818|824|844|871|876|900|904|923|971|977|991|997|1010|1017
70,2|8|10|11|13|17|18|19|22|23|24|25|26|27|28|29|30|32|33|34|37|40|53,0|1|2|3|4,0|1|3|4|23|24|28|29|32|39|46|48|50|52|54|55|57|61|62|63|66|68|69|71|77|80|83|85|92|93|103|104|105|115|118|119|130|131|133|141|142|146|148|149|154|167|174|181|182|194|195|198|202|205|206|215|218|230|231,0|14|17|20|23|38|39|44|45|46|48|49|50|51|52|58|59|60|65|67|68|71|78|88|135|143|149|153|154|155|157|169|171|172|174|184|189|194|196|198|208|219|220|226|229|234|235|238|244|245|246|258|260|269|271|275|288|290|293|294|311|314|315|317|318|321|322|324|325|330|331|333|335|337|340|342|343|346|347|348|351|352|354|356|363|365|366|376|379|385|392|393|395|401|403|407|411|414|416|424|429|435|442|447|448|453|459|462|464|467|474|480|535|536|548|552|553|559|567|573|582|584|597|603|619|639|646|650|655|682|693|695|696|705|715|733|747|748|749|759|761|772|784|785|786|824|828|843|844|871|878|900|904|917|959|971|977|1004|1016
71,2|8|10|11|13|14|17|24|25|28|29|30|34|37,0|1|2|3|4,12|23|28|30|32|46|50|52|61|66|68|69|71|77|115|130|133|148|154|162|166|179|181|182|188|195|198|205|214|215|231|235,0|11|13|20|48|69|119|135|143|144|149|153|154|155|171|172|174|184|189|196|198|206|216|220|226|238|244|254|258|260|288|311|318|321|322|330|331|333|335|336|337|339|340|344|346|348|351|352|354|356|363|385|403|404|410|411|416|442|447|448|459|462|467|535|555|566|646|682|683|732|759|815|824|845|885|913|944|988|991|1017
72,2|8|9|10|11|13|15|17|23|24|25|26|28|29|30|32|33|34|35|37|48,0|1|2|3|4,0|1|3|5|6|12|19|23|27|30|32|46|48|52|55|57|58|59|62|63|66|68|69|70|71|77|80|82|83|92|99|103|104|115|119|130|133|141|149|154|178|179|181|182|194|195|198|205|215|218|230|231|235,0|6|11|12|13|14|20|22|23|26|31|32|38|40|45|47|48|50|51|57|59|60|65|68|69|73|81|87|90|117|135|142|143|146|149|153|154|155|157|167|171|172|174|178|184|187|189|196|198|208|220|226|229|238|244|245|246|252|254|256|258|260|288|290|293|294|304|311|312|314|315|318|321|322|324|325|329|330|331|332|335|337|339|340|342|343|346|347|348|351|352|354|356|360|363|385|392|393|395|398|401|403|404|410|411|416|418|435|442|447|448|453|457|459|462|467|471|474|492|519|541|548|553|554|573|574|577|578|582|583|596|597|612|620|625|646|650|655|657|664|665|674|695|739|747|750|751|753|759|761|766|768|780|790|813|817|824|827|869|871|879|901|904|921|941|957|977
73,2|7|8|9|10|11|13|14|15|17|19|22|23|24|25|29|30|32|33|34|37|40,0|1|2|3|4,0|1|3|19|23|32|39|46|48|52|55|57|62|65|66|68|69|71|77|91|93|119|122|133|149|162|181|182|191|194|195|198|205|206|214|215|230|231,0|10|13|14|20|23|25|36|38|39|48|50|59|64|69|71|78|120|135|143|149|153|155|157|171|174|184|189|196|203|208|217|220|226|238|241|242|244|246|254|256|258|260|288|290|293|311|314|318|321|322|324|330|331|333|335|337|340|342|346|348|351|353|354|356|363|367|385|392|395|400|404|411|416|435|442|447|448|452|462|467|471|474|476|548|553|571|597|646|650|685|695|739|751|758|761|784|824|834|844|871|919|947|977|991|992|1003|1007|1011
74,2|11|13|15|22|34,1|2|3,0|46|55|63|66|80|205|215|218,12|26|38|135|155|171|174|184|196|220|246|258|317|324|339|343|348|351|352|354|356|385|392|448|462|480|869
75,2|8|9|11|13|14|15|17|22|23|24|25|26|27|28|30|32|34|35|36|37|46,0|1|2|3|4,0|1|3|6|12|23|31|32|44|46|48|50|52|55|57|62|63|64|66|68|69|70|71|77|80|82|91|93|99|103|112|114|115|126|133|141|142|146|149|154|158|162|166|167|168|180|181|190|191|195|198|205|206|214|215|218|222|225|230|231|235,0|13|14|15|16|20|22|26|30|31|32|38|39|41|44|45|46|47|48|49|50|51|54|64|65|66|70|71|77|120|133|135|142|143|153|155|169|172|174|184|189|196|208|220|222|226|238|242|248|254|256|258|260|275|290|311|314|317|318|321|324|325|331|337|340|343|344|346|347|348|351|352|354|356|363|366|379|385|395|398|419|424|436|442|447|448|459|462|471|474|480|482|492|535|553|558|567|582|583|584|596|603|615|626|646|648|678|693|695|699|712|718|739|747|761|766|772|784|786|790|793|804|817|819|824|826|828|843|869|871|878|910|912|916|923|931|940|941|949|970|976|1003|1005|1010|1011|1013
76,2|8|10|11|13|15|17|18|22|23|24|25|26|27|28|30|32|34|36|37|40|45|46|48,0|1|2|3|4,0|1|3|12|19|23|28|40|46|47|50|55|62|63|66|68|69|70|71|75|77|80|82|93|115|119|133|148|154|155|167|168|173|179|182|194|195|202|205|215|217|230|231|235,0|10|11|12|13|20|22|23|31|38|39|41|44|47|48|49|50|51|57|60|64|69|71|72|75|79|135|142|143|144|145|149|153|154|155|157|171|172|174|184|189|196|203|206|217|220|226|241|244|246|252|254|256|258|260|265|288|293|294|309|311|312|314|315|317|318|321|322|325|329|331|333|335|336|337|340|344|346|347|348|351|352|354|356|363|385|392|393|395|403|408|410|411|435|436|441|442|447|448|453|462|467|471|474|519|528|529|535|548|553|597|602|612|646|657|688|727|747|750|761|789|793|811|824|844|858|862|912|918|921|923|941|950|952|957|977|1005|1016
77,2|7|8|10|11|13|14|17|18|20|22|23|24|25|26|27|28|30|31|32|33|34|35|37|40|53,0|1|2|3|4,0|1|3|5|10|12|19|23|26|28|29|30|46|48|50|52|57|60|62|66|68|69|70|71|77|80|82|83|93|109|119|123|130|133|154|167|178|179|181|182|188|194|195|198|202|205|214|215|218|230|231|238,0|3|9|11|13|16|17|21|26|32|33|38|40|41|47|48|49|50|51|55|60|63|64|68|69|71|74|120|134|135|142|143|149|153|154|155|167|171|172|174|184|189|193|194|196|198|208|216|220|226|229|238|244|245|246|254|256|258|260|269|288|293|294|311|312|314|315|316|317|318|321|322|324|325|329|330|331|333|335|337|340|342|343|346|347|348|351|352|354|356|363|376|385|388|392|393|395|401|403|410|411|416|424|430|435|436|442|447|448|459|462|463|467|471|474|519|525|535|536|548|558|571|584|596|627|639|646|648|650|665|683|695|696|715|747|759|761|772|784|790|812|819|824|828|844|862|871|878|913|918|927|928|931|941|977|986|987|991
78,2|7|8|10|11|13|14|15|16|17|18|20|21|22|23|24|25|26|27|28|29|30|32|33|34|35|36|37|53,0|1|2|3|4,0|1|3|5|6|10|11|12|19|22|23|27|28|30|32|34|44|46|47|48|50|52|55|62|63|66|68|69|70|72|77|80|82|85|91|93|99|103|115|119|123|130|133|134|141|148|149|152|154|158|162|163|167|168|179|180|181|182|188|190|191|194|195|198|202|205|214|215|218|221|222|226|228|230|231|235,0|3|7|9|10|11|12|13|14|17|20|22|23|24|25|26|27|28|29|32|35|36|38|39|40|41|44|45|47|48|49|50|51|52|53|54|55|60|61|62|64|65|66|68|69|71|72|74|77|78|81|83|86|91|93|117|120|125|133|134|135|142|149|153|154|155|157|158|162|165|167|171|172|174|184|188|189|196|199|203|208|217|218|219|220|221|226|229|231|235|236|238|240|244|245|246|256|258|259|260|262|269|271|275|286|290|294|301|309|311|313|314|315|318|321|322|324|328|329|330|331|333|335|336|337|340|343|347|348|351|352|353|354|356|363|366|367|373|375|376|380|385|388|392|393|395|398|401|403|410|411|412|414|416|417|424|430|435|436|439|442|443|447|448|451|458|459|462|464|467|480|492|519|520|523|540|548|553|558|567|571|577|597|610|613|614|626|627|646|650|654|655|664|675|676|682|685|689|690|695|697|712|715|718|727|733|735|739|749|750|751|758|759|761|766|772|780|790|812|817|824|826|828|844|845|869|871|878|879|881|894|904|908|910|921|923|930|941|947|949|957|966|977|985|986|990|991|1003|1007|1011|1017
79,2|8|10|11|13|15|16|17|18|19|23|24|26|28|29|30|34|36|37,0|1|2|3|4,0|1|3|12|19|46|48|52|63|66|68|69|75|77|80|103|115|119|130|133|134|149|154|162|179|182|195|205|206|209|215|231,0|13|20|23|38|39|41|45|48|49|50|51|55|58|60|64|68|77|81|83|135|142|143|144|149|153|155|171|172|174|184|187|189|196|203|219|220|223|226|246|254|256|258|260|283|288|290|293|294|311|314|318|321|322|325|330|331|333|335|336|337|339|340|343|346|348|351|352|354|356|363|385|392|398|403|410|411|416|435|442|447|448|462|467|480|580|597|641|642|646|654|657|661|674|675|682|715|741|747|749|750|759|761|772|790|809|811|817|824|885|894|944|948|957|977
80,2|7|8|9|11|13|14|15|17|18|19|21|23|24|25|28|30|33|34|35|37,1|2|3|4,1|3|5|12|23|32|46|55|63|66|68|69|70|71|75|77|83|93|103|104|112|119|122|130|133|141|179|182|189|194|195|198|205|214|215|231|235,0|9|11|13|14|15|20|23|38|40|45|47|48|50|54|64|71|72|77|119|120|121|135|143|144|153|155|172|174|184|189|208|219|220|226|234|240|245|258|260|293|294|301|311|314|318|321|331|336|337|339|340|346|347|348|354|363|376|380|385|395|408|410|416|435|442|448|462|467|480|548|553|567|573|585|619|646|668|682|690|759|761|772|775|790|817|824|871|874|908|971|977|984|1002|1011
81,2|6|8|9|10|11|13|14|15|16|17|18|20|21|22|23|24|25|26|27|28|29|30|31|32|33|34|35|36|37|38|46|48|53,0|1|2|3|4,0|1|3|5|6|10|12|19|22|23|24|28|32|43|46|48|50|52|55|62|63|66|68|69|70|71|74|77|80|85|93|99|103|104|115|119|124|126|130|133|134|136|141|149|154|162|163|167|168|179|182|183|189|190|191|194|195|197|198|202|205|206|208|213|214|215|218|228|229|230|231|235|238|239,0|3|4|10|11|12|13|14|15|16|17|20|23|25|29|31|32|33|38|39|40|41|42|43|44|45|46|47|48|49|50|51|54|55|57|58|59|60|61|63|64|65|67|68|69|70|71|73|74|75|77|78|79|80|81|87|88|97|102|116|117|119|120|133|134|135|143|147|149|150|153|154|155|157|158|159|163|165|166|167|169|171|172|174|177|184|188|189|196|203|208|216|219|220|223|226|228|229|235|244|246|249|251|252|254|256|258|260|268|269|275|290|294|298|311|312|314|317|318|321|322|324|325|329|330|331|332|333|335|336|337|341|343|346|347|348|351|352|354|356|359|363|364|366|367|368|373|374|376|385|395|396|397|398|401|403|404|405|407|408|409|410|411|414|415|416|417|421|424|425|430|434|435|436|441|442|447|448|453|454|457|459|462|463|464|467|474|480|492|520|531|535|548|559|566|573|577|578|585|597|603|619|626|639|642|645|646|657|664|666|673|678|682|692|695|699|706|715|749|750|759|761|768|772|780|784|789|790|792|793|803|813|817|824|828|833|834|844|845|860|864|869|871|872|877|879|885|904|908|909|910|912|923|931|954|966|971|972|974|976|977|988|991|993|995|999|1002|1005|1010|1017
82,2|6|7|8|9|10|11|13|14|15|17|18|20|22|23|24|25|26|27|28|29|30|31|32|33|34|35|36|37|53,0|1|2|3|4,0|1|3|4|5|8|10|11|12|15|19|20|22|23|24|28|29|30|32|39|44|46|47|48|50|52|54|55|60|62|63|64|66|68|69|70|71|74|75|77|80|82|83|85|87|91|93|103|115|119|124|125|129|130|133|134|137|141|146|148|149|152|154|156|158|162|163|167|168|176|179|181|182|183|184|185|190|191|194|195|197|198|200|202|205|206|209|214|215|218|222|223|228|229|230|231|235|238,0|6|7|9|11|12|13|14|16|17|18|20|21|22|23|24|25|26|29|30|31|32|38|39|40|41|44|45|47|48|49|50|51|52|53|55|57|58|59|60|62|63|64|65|66|67|68|69|71|72|74|77|78|79|80|81|84|97|98|107|118|120|133|134|135|138|143|144|149|152|153|154|155|157|160|163|167|169|171|172|173|174|184|187|188|189|191|194|196|198|199|203|208|219|220|221|223|226|229|232|233|234|235|236|238|240|242|244|245|246|249|253|254|258|265|268|269|271|275|288|290|293|294|301|309|311|312|314|315|317|318|321|322|323|324|328|329|330|331|335|336|337|340|341|343|346|347|348|351|354|356|363|373|376|379|385|387|390|392|393|395|396|398|400|401|403|404|407|408|410|411|414|415|416|419|424|425|429|432|435|436|437|442|447|448|449|451|452|459|462|463|464|467|471|474|480|483|519|521|523|535|545|546|548|558|559|560|561|565|566|567|571|573|574|575|582|583|584|585|596|597|604|606|609|610|612|618|619|625|627|641|642|646|650|655|657|661|663|664|665|666|672|674|675|676|682|689|692|693|695|697|699|712|715|718|724|727|739|747|749|750|753|756|758|759|761|768|772|778|780|784|786|790|811|812|813|817|818|824|826|828|829|836|843|844|857|861|862|866|869|871|872|876|878|879|883|885|892|896|900|909|910|911|912|913|918|921|923|928|940|941|942|944|948|953|954|956|957|965|966|971|972|974|977|984|985|986|987|990|993|994|997|998|1002|1003|1010|1011|1017
83,2|8|9|10|11|13|14|15|17|18|22|23|24|25|26|28|29|30|32|33|34|36|37|40,0|1|2|3|4,0|1|3|6|12|19|23|24|28|30|32|46|47|48|52|55|57|62|66|68|69|71|77|80|93|101|115|119|129|133|141|154|178|182|194|195|202|205|214|215|218|225|230|231|233,0|11|12|15|16|20|22|23|24|26|28|31|34|36|38|39|40|41|45|46|47|48|49|50|51|58|60|61|64|65|68|71|73|75|77|78|81|117|118|119|120|135|142|143|153|154|155|157|171|172|174|184|189|196|203|217|219|220|222|226|229|244|245|246|254|256|258|260|269|271|275|288|293|294|311|312|314|315|316|317|318|321|322|324|325|329|330|331|333|335|337|340|342|343|346|347|348|351|352|354|356|360|363|366|385|392|395|401|403|408|411|416|424|435|441|442|447|448|462|467|474|480|492|519|524|535|548|553|566|567|573|574|575|580|583|585|625|646|657|665|674|677|682|695|696|715|732|733|761|772|784|790|824|844|866|871|881|910|923|930|977|986|993|1010|1016
84,2|8|9|11|13|24|26|28|30|34|37|53,0|1|2|3|4,3|12|19|23|28|29|32|46|57|63|66|68|69|70|77|103|141|154|178|179|182|195|198|205|215|229,0|38|44|45|47|48|50|51|59|62|64|65|135|138|142|153|154|155|172|174|184|189|194|196|208|220|226|246|249|256|258|260|288|293|294|311|314|315|318|321|322|324|331|332|335|337|342|343|346|348|351|354|356|363|385|401|404|410|416|435|442|447|448|462|467|471|480|523|548|583|619|646|655|739|750|758|761|780|790|817|869|871|977|991|1017
85,2|7|8|10|11|13|14|15|17|18|19|20|22|23|24|25|26|27|28|29|30|31|32|33|34|35|36|37|43|44|46|48,0|1|2|3|4,0|1|3|5|10|11|12|16|19|22|23|26|28|31|34|39|45|46|48|50|52|55|58|60|62|66|68|69|70|77|80|85|87|91|93|112|115|119|125|130|131|133|141|146|148|152|154|163|167|168|179|181|182|190|194|195|197|198|200|202|205|206|215|218|229|230|231|235,0|4|7|8|9|11|12|13|14|16|17|18|20|21|23|26|32|36|38|39|40|43|44|45|46|47|48|49|50|51|56|59|60|61|62|63|64|65|66|68|71|74|76|77|81|82|83|84|87|91|93|98|104|133|135|143|146|149|153|154|155|157|158|165|167|169|171|172|174|177|183|184|189|196|198|199|203|205|206|208|219|220|226|228|229|231|235|236|238|244|245|246|249|252|256|258|260|268|269|273|275|280|288|293|294|309|312|314|317|318|320|322|328|329|330|331|335|337|340|343|346|347|348|351|352|354|356|363|373|379|385|390|393|395|398|401|403|405|407|410|414|416|424|430|435|436|438|442|447|448|449|452|457|462|467|480|525|535|545|548|553|565|566|574|578|581|582|585|596|597|603|604|610|625|631|635|637|646|657|664|668|674|675|678|689|692|695|696|715|739|747|749|759|761|772|780|784|790|817|824|826|828|844|861|871|872|874|900|904|921|923|926|931|932|942|944|952|957|965|966|967|977|1002|1003|1011
86,2|7|8|9|11|13|14|17|18|22|23|24|25|26|27|30|33|34|37,0|1|2|3|4,0|1|3|5|12|23|28|30|32|46|48|55|64|66|68|69|70|75|77|80|85|91|93|103|119|133|148|149|152|154|162|163|167|182|194|195|198|202|205|209|214|215|229|231,0|4|9|11|12|13|17|20|24|25|26|31|38|39|44|45|47|48|50|51|52|58|63|64|71|79|88|96|118|119|120|135|142|144|153|154|171|172|174|184|189|196|220|221|226|235|244|249|258|260|268|290|311|312|314|317|318|322|331|335|336|337|348|352|354|356|358|363|385|393|395|401|403|416|424|436|442|448|462|471|545|558|585|646|695|715|733|739|750|761|772|780|790|824|826|831|871|881|921|923|972|977|993|995|1005|1011
87,2|8|11|13|17|19|23|24|26|28|30|34|37,0|1|2|3|4,0|1|3|12|19|32|45|46|52|63|66|68|69|71|77|92|133|154|179|188|195|205|215|218|230|235,0|12|13|17|37|38|40|60|64|77|135|142|153|155|171|172|174|184|189|196|198|203|220|226|229|246|254|256|258|260|294|311|314|318|321|331|335|337|339|340|346|348|351|354|356|363|385|392|395|410|442|447|448|462|597|646|682|695|715|749|780|790|824|871|972|986
88,2|11|13|19|22|24|25|28|30|33|34|37,1|2|3|4,0|1|3|5|23|24|29|58|66|68|69|119|194|195|205|215|231,0|5|38|50|51|64|68|69|90|135|142|149|153|155|174|184|189|194|220|226|246|258|260|275|294|311|312|318|321|324|331|335|337|343|346|348|351|352|354|356|363|385|395|435|442|447|448|459|462|467|474|519|623|674|750|761|817|826|843|844
89,2|7|8|10|11|13|15|17|22|23|24|25|26|27|28|29|30|32|33|34|36|37|48,0|1|2|3|4,0|1|3|5|12|19|23|29|46|48|50|52|55|57|59|62|63|64|66|68|69|70|71|77|91|104|115|133|134|148|149|154|155|162|179|182|191|194|195|198|205|215|231|235|239,0|6|9|12|13|20|23|24|25|30|31|32|38|41|47|48|50|52|55|59|60|61|64|69|72|81|107|135|142|143|153|155|158|162|167|171|172|174|184|187|189|194|196|198|203|208|219|220|226|229|241|244|246|256|258|260|288|290|294|311|312|314|317|318|321|322|324|328|329|330|331|333|335|336|337|340|342|346|347|348|351|352|354|356|359|363|364|376|385|395|398|401|403|404|405|410|416|424|431|435|436|442|447|448|451|453|457|462|467|474|480|535|548|566|574|582|639|646|651|657|661|678|692|695|722|747|761|772|780|793|824|869|871|876|879|900|904|912|928|948|957|977|986|1010
90,2|6|8|10|11|13|15|17|23|24|25|26|27|28|29|30|32|33|34|35|36|37|40|53,0|1|2|3|4,0|1|3|5|6|12|23|30|32|39|46|48|50|52|55|57|62|63|66|68|69|70|71|74|77|80|83|85|109|115|119|129|130|133|148|154|162|167|179|181|182|188|190|191|194|195|198|202|205|206|214|215|218|222|228|230|231,0|9|11|12|17|20|21|23|26|27|38|39|40|41|47|48|49|50|51|54|55|60|64|66|68|78|79|118|119|133|135|138|142|143|149|153|155|157|169|171|172|174|184|189|196|198|203|208|220|226|229|236|238|244|245|246|254|258|260|269|271|288|293|294|301|311|312|314|318|321|322|325|328|329|330|331|333|335|337|340|342|346|347|348|351|354|356|363|366|368|370|385|392|395|398|401|403|404|414|416|424|435|436|442|447|448|453|459|462|464|467|471|480|492|493|519|520|521|525|548|551|573|582|583|584|596|597|603|609|612|615|623|635|641|642|646|650|657|682|690|693|695|715|727|739|747|748|749|758|759|761|772|780|784|788|790|798|812|813|817|824|826|827|843|844|871|878|879|881|887|904|912|917|921|923|928|944|945|947|957|977|985|987|989|991|993|1004|1011
91,2|7|8|9|10|11|13|14|15|17|18|22|23|24|25|26|28|29|30|33|34|36|37|40,0|1|2|3|4,0|1|3|5|12|19|23|24|30|32|45|46|48|50|52|55|57|58|62|63|66|68|69|70|71|77|80|82|87|91|95|103|104|105|115|119|130|133|144|149|154|162|179|181|182|189|191|194|195|202|205|209|215|217|218|219|230|231|235|239,0|9|13|15|16|17|20|21|23|26|31|34|37|38|39|40|41|43|45|47|48|49|50|51|59|60|64|67|68|70|74|75|77|79|81|135|142|143|149|153|155|157|165|171|172|174|184|189|196|198|220|221|226|229|238|240|241|244|245|246|254|256|258|260|265|275|288|290|293|294|301|311|312|314|315|316|318|321|322|324|325|330|331|332|333|335|336|337|339|340|342|343|344|346|347|348|351|352|354|356|359|363|364|376|385|388|392|393|395|398|401|403|404|408|410|411|412|414|416|419|430|435|442|447|448|451|452|458|459|462|467|471|474|480|535|536|548|583|585|596|597|620|621|646|651|657|675|678|683|689|692|695|705|715|739|758|759|761|772|780|788|790|811|812|813|817|823|824|827|834|862|869|871|878|885|904|909|914|917|919|920|923|931|938|948|957|966|977|986|987|1008|1017
92,2|8|9|11|13|18|22|23|24|25|33|34|35|37,1|2|3|4,0|1|3|4|12|23|29|32|46|48|50|54|55|63|66|69|70|77|119|133|142|149|181|188|194|202|205|215|230|231,0|20|23|38|45|47|48|50|51|58|59|64|65|71|135|153|155|167|172|174|189|194|203|216|220|226|238|246|254|258|269|288|290|294|311|314|321|332|337|348|354|356|363|395|398|435|442|448|462|553|772|790|824|917|977|984|988|1005
93,2|6|8|11|13|15|17|18|23|24|25|28|32|34|37|40,0|1|2|3|4,1|3|12|15|23|24|28|46|50|54|55|62|63|66|68|69|71|77|80|85|92|93|112|119|131|133|134|154|162|166|179|182|191|194|195|202|205|210|211|215|222|230|234,0|12|13|25|29|31|38|39|43|45|48|49|55|58|60|64|73|85|100|135|143|153|154|155|165|171|172|174|184|189|198|202|220|223|226|244|256|258|260|294|298|305|311|312|314|318|321|322|330|331|332|335|336|337|340|344|346|347|348|351|354|356|363|376|385|395|396|398|401|403|407|410|411|414|416|420|435|436|442|447|448|451|462|474|480|518|535|548|560|627|655|657|674|675|680|682|695|727|733|748|751|761|772|790|807|817|824|871|921|926|977|1003|1011
94,2|8|11|13|14|17|18|21|23|24|25|28|29|30|33|34|37|40,1|2|3|4,1|3|5|12|23|27|29|39|46|48|52|55|63|66|68|69|77|95|103|119|133|141|149|154|158|162|167|179|181|182|194|195|202|205|206|214|215|217|231,0|8|12|13|14|20|38|41|45|50|51|57|68|78|81|118|135|142|143|149|153|155|169|174|184|189|194|196|220|226|238|246|254|256|258|260|269|271|288|290|293|294|311|312|314|315|318|321|322|324|325|330|331|332|333|335|337|340|343|346|347|348|351|352|354|356|363|385|392|393|403|404|411|418|435|442|447|448|459|462|467|471|474|480|548|578|582|646|664|682|715|718|727|780|790|817|824|947|977|993|1003|1005
95,2|8|10|11|13|14|17|18|19|22|23|24|25|26|28|29|30|32|33|34|36|37|38|40|53,0|1|2|3|4,0|1|3|4|12|19|23|24|39|46|48|50|52|55|57|61|62|63|66|68|69|70|71|74|77|80|82|83|85|87|91|93|103|115|119|130|133|134|141|154|178|179|181|182|187|190|194|195|198|205|214|215|217|218|226|228|229|230|231|235|239,0|10|12|13|14|17|20|23|25|29|38|41|42|45|46|47|48|49|50|51|55|57|59|61|64|67|68|69|70|71|72|78|79|83|84|107|118|119|135|138|142|143|149|153|155|157|167|171|172|174|184|189|196|198|199|203|208|220|226|235|238|244|245|246|252|254|256|258|260|288|293|294|311|312|313|314|315|318|321|322|324|325|329|330|331|332|333|335|337|339|340|342|343|344|346|347|348|351|352|354|356|359|363|367|385|395|398|401|403|404|407|408|410|411|414|416|423|424|435|442|447|448|459|462|464|467|471|474|480|518|520|525|535|536|548|551|553|555|560|566|596|597|603|609|612|646|649|650|682|688|693|715|749|750|751|758|759|761|772|780|789|790|793|794|803|817|824|825|829|832|834|866|869|871|878|879|885|901|909|941|944|947|957|963|977|986|991|1003|1005
96,2|8|10|11|13|17|23|24|25|26|30|34|37,0|1|2|3|4,1|3|5|10|12|19|23|30|46|48|57|66|69|75|77|80|95|103|115|133|148|154|178|181|182|195|198|205|215|218|229|231,0|3|11|17|20|26|38|41|45|46|48|49|50|51|57|59|60|65|66|67|135|144|149|153|155|174|184|189|196|216|220|222|226|238|244|254|256|258|260|288|294|311|314|315|318|321|322|328|331|332|333|337|342|343|346|348|351|352|354|356|363|385|392|393|395|396|403|407|408|416|424|435|442|447|448|462|467|548|553|560|573|646|678|788|790|798|811|824|871|914|919|940|966|995|1011
97,2|7|8|10|11|13|15|17|18|22|23|24|25|26|28|29|30|32|33|34|36|37,0|1|2|3|4,0|1|3|6|11|12|23|27|28|29|30|31|32|39|46|48|50|52|55|58|59|62|63|66|68|69|70|71|74|75|77|80|85|87|92|93|103|115|119|125|129|133|141|149|154|162|167|176|178|179|181|182|188|194|195|198|205|209|215|218|226|230|231|235,0|10|12|13|14|17|20|21|23|25|26|28|31|38|39|40|41|44|45|46|47|48|49|50|51|59|60|63|64|65|68|69|71|78|80|81|83|84|88|120|124|135|142|144|149|153|154|155|157|165|166|167|172|174|178|184|187|189|194|196|198|208|219|220|221|226|229|232|235|238|240|241|244|246|248|256|258|260|262|290|293|294|301|304|311|312|314|315|318|321|322|324|329|331|333|335|336|337|340|346|347|348|351|352|354|356|363|375|376|379|385|392|395|401|404|411|414|416|418|424|435|442|447|448|451|458|462|467|471|480|492|519|546|548|558|560|571|573|583|585|597|602|618|619|627|646|650|651|653|657|661|663|664|665|676|682|683|689|695|696|697|700|706|712|724|732|739|749|761|772|783|787|790|793|812|818|824|826|834|844|866|871|872|883|887|904|920|921|923|928|930|931|941|944|957|971|977|986|992|995|1002|1010|1011|1016
98,2|7|8|9|10|11|13|14|15|17|22|23|24|25|26|27|28|29|30|32|33|34|36|37|40,0|1|2|3|4,0|1|3|4|5|12|22|23|24|28|30|32|34|39|46|47|48|50|52|57|58|62|63|65|66|68|69|70|71|74|77|80|82|83|85|87|90|93|103|104|115|119|130|133|134|148|149|154|156|162|167|173|174|178|181|182|188|190|194|195|198|202|205|214|215|217|222|226|228|229|231|235,0|3|9|12|13|14|20|22|28|31|38|39|40|41|43|45|47|48|49|50|51|52|53|55|59|60|63|64|66|67|69|71|72|81|87|102|118|120|133|135|142|143|148|153|154|155|157|171|172|173|174|177|184|189|196|198|208|220|226|229|234|235|236|238|244|245|246|249|254|258|260|269|288|290|293|294|311|312|314|315|317|318|321|322|324|328|329|330|331|332|333|335|336|337|339|340|342|343|346|347|348|351|352|354|356|360|363|368|370|376|378|385|392|393|395|398|401|403|404|408|414|416|424|430|435|439|442|447|448|451|452|453|459|462|467|471|474|476|480|483|484|507|518|519|520|535|539|547|548|553|555|560|566|578|582|583|584|585|596|597|608|609|613|615|616|623|625|627|646|650|657|664|666|668|674|682|689|691|692|695|696|714|727|735|739|749|750|759|761|772|775|780|784|785|786|790|793|798|805|809|811|812|817|824|826|829|834|844|857|871|878|879|894|900|907|923|927|931|941|957|965|970|977|986|990|991|994|996|997|1001|1005|1011|1016
99,2|7|8|10|11|13|14|15|17|18|19|20|21|22|23|24|25|26|27|28|29|30|32|33|34|35|36|37,0|1|2|3|4,0|1|3|5|10|12|15|19|23|24|26|28|29|30|32|45|46|48|50|51|52|54|55|57|58|62|63|66|68|69|70|71|72|74|75|77|80|91|93|103|105|108|109|115|116|119|124|129|130|133|141|148|149|154|158|162|163|166|167|179|181|182|191|194|195|196|197|198|202|205|209|214|215|218|228|229|231|235,0|7|9|11|12|13|14|17|20|21|22|23|25|26|29|37|38|39|40|41|44|45|46|47|48|49|50|51|52|53|55|58|60|61|63|64|65|66|67|68|70|71|72|77|78|80|81|84|87|98|119|120|135|144|147|153|154|155|157|162|165|171|172|174|177|184|187|189|193|194|196|198|203|208|212|216|219|220|223|226|238|244|245|246|249|254|258|260|269|275|282|290|293|294|311|312|314|315|316|317|318|321|322|324|329|330|331|332|333|335|336|337|339|340|342|343|346|347|348|351|352|354|356|360|363|366|368|373|376|385|392|395|398|401|407|408|410|411|416|424|431|435|436|441|442|447|448|453|458|459|462|467|471|476|480|520|535|536|548|551|555|558|566|567|571|578|585|596|597|602|608|618|619|625|627|639|646|650|655|657|664|668|672|677|682|686|693|695|697|705|715|718|727|732|739|747|750|751|759|761|772|775|786|790|793|812|817|824|828|832|834|844|871|876|878|885|890|895|900|904|907|908|909|912|916|923|926|932|940|941|952|957|970|971|977|994|1003|1004|1011|1016
